Date,Close/Last,Volume,Open,High,Low
03/05/2024,82.04,"36,719",82.97,83.14,81.73
03/04/2024,82.8,"25,928",83.59,84.07,82.58
03/01/2024,83.55,"30,577",81.97,84.35,81.81
02/29/2024,83.62,510,83.65,83.74,83.04
02/28/2024,83.68,"5,212",83.4,84.3,82.62
02/27/2024,83.65,"8,602",82.55,83.74,82.1
02/26/2024,82.53,"14,130",81.59,83.06,81.02
02/23/2024,81.62,"17,605",83.42,83.48,81.44
02/22/2024,83.67,"27,034",83.16,83.97,82.34
02/21/2024,83.03,"22,037",82.56,83.17,81.67
02/20/2024,82.34,"33,363",83.3,83.63,82.05
02/16/2024,83.47,"33,437",82.83,83.66,81.9
02/15/2024,82.86,"29,850",81.52,83.25,80.72
02/14/2024,81.6,"27,913",82.66,83.61,81.39
02/13/2024,82.77,"28,775",82.05,83.23,81.96
02/12/2024,82,"22,351",81.76,82.21,80.79
02/09/2024,82.19,"25,784",81.73,82.46,81.21
02/08/2024,81.63,"31,894",78.7,81.89,79.02
03/05/2024,82.04,"36,719",82.97,83.14,81.73
03/04/2024,82.8,"25,928",83.59,84.07,82.58
03/01/2024,83.55,"30,577",81.97,84.35,81.81
02/29/2024,83.62,510,83.65,83.74,83.04
02/28/2024,83.68,"5,212",83.4,84.3,82.62
02/27/2024,83.65,"8,602",82.55,83.74,82.1
02/26/2024,82.53,"14,130",81.59,83.06,81.02
02/23/2024,81.62,"17,605",83.42,83.48,81.44
02/22/2024,83.67,"27,034",83.16,83.97,82.34
02/21/2024,83.03,"22,037",82.56,83.17,81.67
02/20/2024,82.34,"33,363",83.3,83.63,82.05
02/16/2024,83.47,"33,437",82.83,83.66,81.9
02/15/2024,82.86,"29,850",81.52,83.25,80.72
02/14/2024,81.6,"27,913",82.66,83.61,81.39
02/13/2024,82.77,"28,775",82.05,83.23,81.96
02/12/2024,82,"22,351",81.76,82.21,80.79
02/09/2024,82.19,"25,784",81.73,82.46,81.21
02/08/2024,81.63,"31,894",78.7,81.89,79.02
02/07/2024,79.21,"25,463",78.7,79.47,78.49
02/06/2024,78.59,"24,332",77.94,78.85,78.03
02/05/2024,77.99,"24,013",77.66,78.33,76.62
02/02/2024,77.33,"30,739",78.92,79.44,76.86
02/01/2024,78.7,"48,196",80.67,80.5,78.58
01/31/2024,81.71,410,82.59,82.8,81.88
01/30/2024,82.87,"6,148",82.57,83.25,82.21
1/29/2024,82.4,"11,814",84.13,84.4,82.04
1/26/2024,83.55,"17,700",82.39,83.83,81.32
1/25/2024,82.43,"19,606",80.31,82.56,80.07
1/24/2024,80.04,"21,368",79.74,80.74,79.05
1/23/2024,79.55,"26,460",79.91,80.44,78.7
1/22/2024,80.06,"25,569",78.85,80.55,77.82
1/19/2024,78.56,"22,922",78.98,79.75,78.33
1/18/2024,79.1,"26,942",78.05,79.3,77.34
1/17/2024,77.88,"31,724",77.86,78.18,76.5
1/16/2024,77.79,"45,242",79.24,79.39,77.61
01/12/2024,78.29,"31,115",78.46,80.74,77.93
01/11/2024,77.41,"34,673",76.74,79.09,76.65
01/10/2024,76.8,"33,905",77.46,78.73,76.38
01/09/2024,77.59,"26,932",76.36,78.18,75.96
01/08/2024,76.12,"30,699",78.6,78.95,75.26
01/05/2024,78.76,"29,025",77.6,79.25,77.5
01/04/2024,77.59,"32,698",78.5,79.4,76.5
01/03/2024,78.25,"29,785",75.99,78.67,74.79
01/02/2024,75.89,"27,835",77.21,79.04,75.6
12/29/2023,77.04,"18,574",77.42,77.97,76.75
12/28/2023,78.39,349,79.84,79.96,78.34
12/27/2023,79.65,"4,405",80.74,81.32,79.5
12/26/2023,81.07,"8,006",79.19,81.71,78.81
12/22/2023,79.07,"10,569",79.44,80.37,78.83
12/21/2023,79.39,"20,255",79.14,80.12,77.85
12/20/2023,79.7,"21,978",79.25,80.61,79.08
12/19/2023,79.23,"21,321",78.05,79.66,77.43
12/18/2023,77.95,"24,864",76.97,79.51,75.78
12/15/2023,76.55,"18,763",76.6,77.22,75.33
12/14/2023,76.61,"27,085",74.71,77.35,74.46
12/13/2023,74.26,"25,102",73.36,74.7,72.3
12/12/2023,73.24,"27,955",76.25,76.64,72.86
12/11/2023,76.03,"19,146",75.66,76.48,75
12/08/2023,75.84,"20,557",74.5,76.36,74.23
12/07/2023,74.05,"25,909",74.3,75.48,73.61
12/06/2023,74.3,"33,623",77.06,77.63,74.11
12/05/2023,77.2,"29,879",78.2,79.04,76.98
12/04/2023,78.03,"31,685",79.43,79.13,77.97
12/01/2023,78.88,"27,973",80.47,81.52,78.75
11/30/2023,82.83,826,82.87,82.95,82.67
11/29/2023,83.1,"5,847",81.93,83.24,80.96
11/28/2023,81.68,"11,917",80.14,82.18,79.83
11/27/2023,79.98,"14,031",80.34,81,79.6
11/24/2023,80.58,"17,657",81.63,82.2,80.18
11/22/2023,81.96,"39,052",82.4,82,78.41
11/21/2023,82.45,"19,800",82.13,82.53,81.41
11/20/2023,82.32,"23,136",80.47,82.93,79.97
11/17/2023,80.61,"32,466",77.53,80.59,80.46
11/16/2023,77.42,"36,997",80.94,77.51,77.46
11/15/2023,81.18,"31,073",82.38,83.01,80.8
11/14/2023,82.47,"24,797",82.75,83.97,82.05
11/13/2023,82.52,"21,612",81.45,82.82,80.41
11/10/2023,81.43,"20,296",79.7,82.05,79.61
11/09/2023,80.01,"32,078",79.78,81.48,79.44
11/08/2023,79.54,"35,825",81.47,81.93,79.16
11/07/2023,81.61,"36,562",85.23,85.32,81.42
11/06/2023,85.18,"26,172",85.39,86.26,85.08
11/03/2023,84.89,"34,819",86.86,87.78,84.55
11/02/2023,86.85,"30,970",84.94,87.03,84.61
11/01/2023,84.63,"34,999",85.45,87.22,84.56
10/31/2023,87.41,506,87.81,88.53,87.42
10/30/2023,87.45,"11,917",90.3,89.81,87.22
10/27/2023,90.48,"18,051",88.26,90.74,87.84
10/26/2023,87.93,"20,594",90.04,90.36,87.55
10/25/2023,90.13,"42,776",88.14,90.34,89.36
10/24/2023,88.07,"33,083",90.35,90.24,87.35
10/23/2023,89.83,"30,639",92.13,90.49,90.35
10/20/2023,92.16,"29,062",92.85,93.79,91.68
10/19/2023,92.38,"33,690",91.34,93.47,89.53
10/18/2023,91.5,"33,839",90.9,92.97,90.6
10/17/2023,89.9,"26,292",90.06,90.92,88.87
10/16/2023,89.65,"28,126",90.92,91.39,89.49
10/13/2023,90.89,"43,204",86.41,90.99,86.28
10/12/2023,86,"39,763",85.6,87.64,85.28
10/11/2023,85.82,"36,905",87.75,88.25,85.22
10/10/2023,87.65,"28,636",88.11,88.47,86.92
10/09/2023,88.15,"36,843",86.35,89,86.13
10/06/2023,84.58,"40,937",84.22,84.96,83.45
10/05/2023,84.07,"44,382",86.03,86.51,83.84
10/04/2023,85.81,"47,942",90.96,91.19,85.73
10/03/2023,90.92,"47,888",90.44,91.56,89.52
10/02/2023,90.71,"37,242",92.19,93.32,90.35
09/29/2023,95.31,337,95.1,96.24,94.96
09/28/2023,95.38,"5,668",96.62,97.63,94.75
09/27/2023,96.55,"22,341",94.16,97.04,94.15
09/26/2023,93.96,"17,902",93.26,94.21,91.8
09/25/2023,93.29,"17,454",93.75,94.25,92.54
09/22/2023,93.27,"25,428",93.32,94.63,92.8
09/21/2023,93.3,"35,966",93.22,94.6,92.2
09/20/2023,93.53,"42,484",94.48,94.73,92.76
09/19/2023,94.34,"42,527",94.63,95.95,94.17
09/18/2023,94.43,"33,428",94.2,94.95,93.78
09/15/2023,93.93,"34,419",94.13,94.61,92.67
09/14/2023,93.7,"35,503",92.2,94.21,92.03
09/13/2023,91.88,"31,141",91.93,92.83,91.63
09/12/2023,92.06,"28,732",90.56,92.42,90.54
09/11/2023,90.64,"28,636",90.66,91.45,90.12
09/08/2023,90.65,"26,073",89.8,91.02,89.3
09/07/2023,89.92,"21,657",90.61,90.86,89.47
09/06/2023,90.6,"24,372",89.98,91.11,89.25
09/05/2023,90.04,"45,915",89.12,91.18,89.12
09/01/2023,88.55,"32,352",86.82,88.96,86.74
08/31/2023,86.86,126,85.85,86.9,85.85
08/30/2023,85.86,"10,958",85.63,86.21,85.13
08/29/2023,85.49,"13,837",84.38,85.65,83.78
08/28/2023,84.42,"11,358",84.87,85.22,84.11
08/25/2023,84.48,"19,849",83.2,84.97,82.69
08/24/2023,83.36,"24,361",82.99,83.61,81.97
08/23/2023,83.21,"28,040",83.98,84.24,81.97
08/22/2023,84.03,"25,276",84.39,84.65,83.84
08/21/2023,84.46,"25,621",85.06,85.87,84.31
08/18/2023,84.8,"24,658",83.83,85.07,83.32
08/17/2023,84.12,"31,789",83.35,84.89,83.05
08/16/2023,83.45,"31,547",85.12,85.36,83.12
08/15/2023,84.89,"29,128",86.3,86.67,84.29
08/14/2023,86.21,"23,760",86.64,86.7,85.5
08/11/2023,86.81,"32,102",86.39,87.35,85.85
08/10/2023,86.4,"28,187",87.37,88.1,86.15
08/09/2023,87.55,"28,907",86.01,87.66,85.94
08/08/2023,86.17,"25,967",85.84,86.35,83.32
08/07/2023,85.34,"18,539",86.14,86.71,85.04
08/04/2023,86.24,"21,699",85.32,86.65,85.11
08/03/2023,85.14,"29,635",83.44,85.42,82.37
08/02/2023,83.2,"31,753",85.73,85.98,82.75
08/01/2023,84.91,"26,971",85.35,85.79,84.26
07/31/2023,85.56,246,84.88,85.66,84.52
07/28/2023,84.99,"9,520",84.05,85.1,83.22
07/27/2023,84.24,"14,641",83.03,84.51,82.99
07/26/2023,82.92,"15,885",83.27,83.86,82.6
07/25/2023,83.64,"19,409",82.83,83.88,82.24
07/24/2023,82.74,"25,398",80.99,83.16,80.42
07/21/2023,81.07,"20,069",79.66,81.24,79.66
07/20/2023,79.64,"21,260",79.5,80.27,78.67
07/19/2023,79.46,"29,422",79.8,80.95,79.18
07/18/2023,79.63,"25,755",78.53,80.01,78.2
07/17/2023,78.5,"28,767",79.45,80.61,78.26
07/14/2023,79.87,"21,185",81.61,81.69,79.57
07/13/2023,81.36,"23,442",80.15,81.75,79.87
07/12/2023,80.11,"22,684",79.28,80.57,79.22
07/11/2023,79.4,"21,401",77.86,79.5,77.64
07/10/2023,77.69,"20,613",78.49,78.78,77.34
07/07/2023,78.47,"25,546",76.48,78.53,76.02
07/06/2023,76.52,"28,714",76.54,77.08,75.01
07/05/2023,76.65,"34,789",74.94,76.94,74.78
07/03/2023,74.65,"22,631",75.13,76.58,74.58
06/30/2023,74.9,615,74.25,75.13,74.25
06/29/2023,74.34,"4,291",73.75,74.97,73.41
06/28/2023,74.03,"11,163",72.56,74.21,71.58
06/27/2023,72.26,"12,788",74.23,74.89,72.09
06/26/2023,74.18,"13,560",74.45,74.83,73.43
06/23/2023,73.85,"14,815",74.15,74.37,72.1
06/22/2023,74.14,"30,300",76.96,77.19,73.58
06/21/2023,77.12,"20,888",75.5,77.24,75.38
06/20/2023,75.9,"33,454",76.23,77.15,74.52
06/16/2023,76.61,"20,516",75.58,76.74,75.08
06/15/2023,75.67,"20,930",73.47,75.96,72.91
06/14/2023,73.2,"25,700",74.07,75.48,73.03
06/13/2023,74.29,"26,646",72,74.65,71.95
06/12/2023,71.84,"32,606",74.88,74.88,71.57
06/09/2023,74.79,"24,562",75.53,76.55,74.72
06/08/2023,75.96,"44,653",76.8,76.23,74.47
06/07/2023,76.95,"33,414",76.07,77.62,75.51
06/06/2023,76.29,"27,504",76.47,76.76,74.73
06/05/2023,76.71,"34,348",77.5,78.72,76.3
06/02/2023,76.13,"25,751",74.41,76.49,74.18
06/01/2023,74.28,"29,862",72.09,75.25,72.01
05/31/2023,72.66,751,73.65,73.77,71.55
05/30/2023,73.54,"11,017",77.37,77.74,73.16
05/26/2023,76.95,"13,510",76.12,77.35,75.72
05/25/2023,76.26,"32,320",78.26,78.5,75.12
05/24/2023,78.36,"31,764",77.59,78.66,77.04
05/23/2023,76.84,"26,632",75.97,77.74,75.65
05/22/2023,75.99,"21,918",75.74,76.46,74.55
05/19/2023,75.58,"21,952",75.9,77.5,75.1
05/18/2023,75.86,"19,306",76.79,76.98,75.48
05/17/2023,76.96,"30,769",74.68,77.31,74.09
05/16/2023,74.91,"22,624",75.45,75.95,74.5
05/15/2023,75.23,"22,844",74.25,75.75,73.49
05/12/2023,74.17,"24,638",75.46,75.84,74.03
05/11/2023,74.98,"30,533",76.64,77.4,74.62
05/10/2023,76.41,"29,105",77.25,77.6,75.68
05/09/2023,77.44,"24,247",76.85,77.49,75.83
05/08/2023,77.01,"16,847",75.41,77.42,74.96
05/05/2023,75.3,"19,622",72.65,75.73,72.41
05/04/2023,72.5,"29,842",71.89,73.73,71.97
05/03/2023,72.33,"34,422",75.27,75.55,71.68
05/02/2023,75.32,"34,817",79.26,79.78,75.09
05/01/2023,79.31,"11,978",80.18,80.19,78.13
04/28/2023,79.54,411,78.31,79.6,77.97
04/27/2023,78.37,"5,821",77.87,78.63,77.39
04/26/2023,77.69,"13,433",81,81.47,77.48
04/25/2023,80.77,"15,651",82.58,83.05,80.35
04/24/2023,82.73,"15,119",81.6,82.99,80.49
04/21/2023,81.66,"13,903",80.83,82.04,80.45
04/20/2023,81.1,"24,223",83,83.04,80.77
04/19/2023,83.12,"28,813",84.86,85.15,82.41
04/18/2023,84.77,"26,623",84.82,85.4,83.82
04/17/2023,84.76,"26,299",86.27,86.51,84.35
04/14/2023,86.31,"25,145",86.34,86.86,85.54
04/13/2023,86.09,"24,378",87.15,87.47,86.06
04/12/2023,87.33,"35,076",85.55,87.49,85.41
04/11/2023,85.61,"27,206",84.28,85.68,83.75
04/10/2023,84.18,"13,679",84.95,85.64,84.08
04/06/2023,85.12,"23,189",84.83,85.44,84.05
04/05/2023,84.99,"27,206",85.1,85.55,84.01
04/04/2023,84.94,"32,391",84.78,86.05,83.87
04/03/2023,84.93,"34,002",85.71,85.93,83.49
03/31/2023,79.77,232,79.28,79.77,79.07
03/30/2023,79.27,"4,496",78.22,79.55,77.85
03/29/2023,78.28,"8,726",79.02,79.7,77.95
03/28/2023,78.65,"12,656",78.18,79.21,77.55
03/27/2023,78.12,"12,403",75.24,78.43,74.8
03/24/2023,74.99,"18,559",75.42,76.28,72.69
03/23/2023,75.91,"18,324",75.74,77.43,75.12
03/22/2023,76.69,"19,163",75.09,77.09,74.52
03/21/2023,75.32,"18,170",73.74,75.4,72.81
03/20/2023,73.79,"21,345",72.89,73.85,70.13
03/17/2023,72.97,"33,516",74.55,75.9,71.35
03/16/2023,74.7,"29,692",74.35,75.52,71.86
03/15/2023,73.69,"45,422",77.57,78.71,71.63
03/14/2023,77.45,"31,949",80.69,80.88,76.88
03/13/2023,80.77,"37,857",82.54,83.47,78.34
03/10/2023,82.78,"25,598",81.47,83.08,80.73
03/09/2023,81.59,"24,900",82.62,84.01,81.41
03/08/2023,82.66,"23,331",82.98,83.59,82.05
03/07/2023,83.29,"24,281",86.23,86.76,82.65
03/06/2023,86.18,"22,629",85.93,86.36,84.35
03/03/2023,85.83,"27,206",84.41,86,82.36
03/02/2023,84.75,"17,254",84.31,85.09,83.84
03/01/2023,84.31,"23,652",83.1,84.49,82.61
02/28/2023,83.89,256,82.64,84.12,82.61
02/27/2023,82.45,"4,537",83.12,83.63,81.74
02/24/2023,83.16,"9,333",82.35,83.38,81.07
02/23/2023,82.21,"12,506",80.47,82.75,80.34
02/22/2023,80.6,"17,792",82.74,83.23,80.4
02/21/2023,83.05,"28,729",83.01,84.29,82.54
02/17/2023,83,"26,352",84.67,84.85,81.79
02/16/2023,85.14,"19,454",85.14,86.2,84.6
02/15/2023,85.38,"20,189",85.29,85.85,83.9
02/14/2023,85.58,"19,172",85.75,86.4,84.12
02/13/2023,86.61,"18,340",86.6,86.95,85.09
02/10/2023,86.39,"29,539",84.23,86.91,83.94
02/09/2023,84.5,"28,819",85.07,85.5,83.06
02/08/2023,85.09,"27,763",84.03,85.16,83.5
02/07/2023,83.69,"23,798",81.4,84.1,81.18
02/06/2023,80.99,"30,311",79.75,81.4,79.09
02/03/2023,79.94,"24,117",82.15,84.19,79.62
02/02/2023,82.17,"23,742",83.09,83.6,81.24
02/01/2023,82.84,"26,357",85.52,86.2,82.37
01/31/2023,84.49,196,85.16,85.16,83.69
01/30/2023,84.9,"4,091",86.8,87.37,84.75
01/27/2023,86.66,"8,503",87.6,88.91,85.68
01/26/2023,87.47,"11,798",86.13,88.01,85.78
01/25/2023,86.12,"18,662",86.3,87.01,85.41
01/24/2023,86.13,"22,793",88.03,88.71,85.81
01/23/2023,88.19,"19,824",87.81,89.1,86.93
01/20/2023,87.63,"21,840",86.36,87.77,85.58
01/19/2023,86.16,"27,460",84.59,86.85,83.74
01/18/2023,84.98,"25,148",86.72,87.84,84.4
01/17/2023,85.92,"35,074",85.44,86.82,83.86
01/13/2023,85.28,"17,524",83.95,85.49,83.49
01/12/2023,84.03,"27,886",82.86,84.61,82.38
01/11/2023,82.67,"28,329",79.59,82.97,79.3
01/10/2023,80.1,"20,704",79.71,80.88,78.81
01/09/2023,79.65,"29,379",78.48,81.37,78.34
01/06/2023,78.57,"23,089",78.81,80.57,78.05
01/05/2023,78.69,"27,406",78.09,79.96,77.61
01/04/2023,77.84,"24,022",82.23,82.67,77.72
01/03/2023,82.1,"26,661",86.04,87.02,81.77
12/30/2022,85.91,"18,860",83.66,86.28,82.88
12/29/2022,82.26,218,82.86,82.91,81.3
12/28/2022,83.26,"3,876",84.6,84.64,81.95
12/27/2022,84.33,"6,330",84.46,85.67,83.66
12/23/2022,83.92,"7,082",81.73,84.37,81.34
12/22/2022,80.98,"15,132",82.37,83.86,80.68
12/21/2022,82.2,"16,882",79.95,82.54,79.6
12/20/2022,79.99,"17,498",80.28,80.9,78.3
12/19/2022,79.8,"18,597",79.09,80.89,78.63
12/16/2022,79.04,"23,738",81.34,81.76,78.28
12/15/2022,81.21,"25,021",82.84,83.19,80.83
12/14/2022,82.7,"25,822",80.34,83.14,80.13
12/13/2022,80.68,"29,045",78.19,81.28,78.04
12/12/2022,77.99,"22,107",76.67,78.58,75.26
12/09/2022,76.1,"22,942",76.73,77.47,75.11
12/08/2022,76.15,"32,814",77.49,79.18,75.76
12/07/2022,77.17,"26,130",79.79,80.48,76.94
12/06/2022,79.35,"25,858",83.09,83.67,78.71
12/05/2022,82.68,"24,437",85.52,88.43,82.54
12/02/2022,85.57,"22,186",87.13,87.89,85.19
12/01/2022,86.88,"21,995",86.6,89.41,86.25
11/30/2022,85.43,379,83.58,85.82,83.51
11/29/2022,83.03,"10,131",82.33,84.42,82.79
11/28/2022,83.19,"11,387",83.8,84.05,82.22
11/25/2022,83.63,"10,727",84.94,86.9,83.56
11/23/2022,85.41,"26,365",88.41,89.54,84.12
11/22/2022,88.36,"22,042",87.65,89.88,87.37
11/21/2022,87.45,"39,326",87.8,87.75,84.93
11/18/2022,87.62,"33,772",89.98,90.61,85.79
11/17/2022,89.78,"27,769",92.8,92.88,89.54
11/16/2022,92.86,"21,745",93.76,94.78,91.68
11/15/2022,93.86,"30,040",92.53,95.75,91.53
11/14/2022,93.14,"22,531",95.97,96.92,92.49
11/11/2022,95.99,"23,277",93.27,96.92,93.27
11/10/2022,93.67,"28,957",92.54,94.31,91.69
11/09/2022,92.65,"25,654",95.01,95.69,92.3
11/08/2022,95.36,"27,248",98,95.74,94.98
11/07/2022,97.92,"21,760",97.78,99.56,96.7
11/04/2022,98.57,"30,706",94.48,98.69,98.49
11/03/2022,94.67,"20,460",95.66,94.55,94.38
11/02/2022,96.16,"26,700",94.67,96.47,93.99
11/01/2022,94.65,"19,882",92.8,95.55,92.36
10/31/2022,94.83,377,96,96,94.32
10/28/2022,95.77,"5,071",96.78,96.89,95
10/27/2022,96.96,"11,302",96.16,97.28,95.08
10/26/2022,95.69,"13,318",93.25,96.19,92.04
10/25/2022,93.52,"20,434",93.56,94.37,91.63
10/24/2022,93.26,"24,317",93.61,94.44,91.21
10/21/2022,93.5,"24,869",92.79,93.8,91.02
10/20/2022,92.38,"35,812",92.51,94.77,91.92
10/19/2022,92.41,"41,724",90.79,92.84,89.38
10/18/2022,90.03,"38,950",92.02,92.65,88.77
10/17/2022,91.62,"22,979",91.71,93.23,90.84
10/14/2022,91.63,"27,392",94.75,95.11,91.27
10/13/2022,94.57,"30,912",92.47,94.9,91.09
10/12/2022,92.45,"27,208",93.69,95.17,91.58
10/11/2022,94.29,"29,551",96.15,96.45,93.11
10/10/2022,96.19,"23,744",98.7,98.76,95.62
10/07/2022,97.92,"34,099",94.99,98.59,97.63
10/06/2022,94.42,"24,970",93.83,95.01,92.73
10/05/2022,93.37,"34,456",91.65,93.97,90.9
10/04/2022,91.8,"37,828",88.89,92.39,91.36
10/03/2022,88.86,"37,315",86.51,89.83,87.1
09/30/2022,87.96,273,88.56,87.97,87.97
09/29/2022,88.49,"5,306",88.95,89.9,87.94
09/28/2022,89.32,"8,982",85.83,89.49,87.42
09/27/2022,86.27,"9,189",83.91,87.12,85.08
09/26/2022,84.06,"13,248",86.72,84.57,83.63
09/23/2022,86.15,"18,412",90.35,86.75,85.46
09/22/2022,90.46,"21,806",89.92,90.97,89.97
09/21/2022,89.83,"26,974",90.69,91.18,89.3
09/20/2022,90.62,"23,999",91.97,91.03,90.02
09/19/2022,92,"17,116",91.65,92.58,88.48
09/16/2022,91.35,"20,004",90.65,92.64,90.22
09/15/2022,90.84,"29,114",94.43,91.63,90.51
09/14/2022,94.1,"28,453",93.49,95.81,93.65
09/13/2022,93.17,"27,092",94.21,93.82,92.58
09/12/2022,94,"21,220",92.3,95.02,93.55
09/09/2022,92.84,"21,705",88.46,93.1,88.32
09/08/2022,89.15,"21,374",87.64,89.09,88.19
09/07/2022,88,"28,168",92.8,89.96,87.4
09/06/2022,92.83,"34,323",93.09,93.16,92.28
09/02/2022,93.02,"21,625",92,95.32,92
09/01/2022,92.36,"22,384",94.78,95.66,91.81
08/31/2022,96.49,1,99.71,96.53,96.53
08/30/2022,99.31,"4,779",105,101.05,97.67
08/29/2022,105.09,"5,582",100.83,105.48,100.29
08/26/2022,100.99,"13,082",99.88,101.17,98.14
08/25/2022,99.34,"20,001",101.6,102.47,99.12
08/24/2022,101.22,"24,125",100.16,102,99.07
08/23/2022,100.22,"21,277",96.58,100.45,96.51
08/22/2022,96.48,"26,040",95.66,97.25,92.36
08/19/2022,96.72,"21,984",96.63,97.87,94.25
08/18/2022,96.59,"21,076",93.18,97.41,93.05
08/17/2022,93.65,"18,823",92.77,94.46,91.52
08/16/2022,92.34,"22,235",93.64,95.95,91.72
08/15/2022,95.1,"20,288",97.76,98.04,92.72
08/12/2022,98.15,"19,755",99.29,100.35,96.94
08/11/2022,99.6,"20,669",97.27,100.16,96.65
08/10/2022,97.4,"27,329",96.46,97.98,93.61
08/09/2022,96.31,"20,201",96.54,98.39,94.91
08/08/2022,96.65,"16,969",94.27,96.73,92.99
08/05/2022,94.92,"16,100",93.59,96.4,92.75
08/04/2022,94.12,"20,734",97.01,96.91,93.15
08/03/2022,96.78,"21,709",99.64,102.37,96.48
08/02/2022,100.54,"16,948",100,102.41,99.56
08/01/2022,100.03,"24,757",103.87,100.49,99.36
07/29/2022,103.97,"23,686",102.54,104.27,103.5
07/28/2022,107.14,"4,903",107.49,108.98,105.96
07/27/2022,106.62,"8,456",104.78,107.8,103.72
07/26/2022,104.4,"16,097",104.81,107.35,103.98
07/25/2022,105.15,"14,152",103.44,105.35,103.46
07/22/2022,103.2,"16,584",104.25,105.47,103.07
07/21/2022,103.86,"24,564",106.79,106.8,101.52
07/20/2022,106.92,"23,077",107.15,107.43,105.09
07/19/2022,107.35,"21,307",105.59,107.6,104.9
07/18/2022,106.27,"19,550",100.92,106.47,99.48
07/15/2022,101.16,"18,400",99.6,102.62,98.21
07/14/2022,99.1,"27,385",99.85,100.37,94.5
07/13/2022,99.57,"21,737",99.31,101.2,97.3
07/12/2022,99.49,"22,379",106.23,106.51,98.91
07/11/2022,107.1,"17,016",106.76,107.33,103.66
07/08/2022,107.02,"19,749",104.49,107.45,103.75
07/07/2022,104.65,"22,129",99.96,106.35,98.47
07/06/2022,100.69,"27,708",104,101.09,99.14
07/05/2022,102.77,"40,936",111.61,103.28,102.41
07/01/2022,111.63,"16,671",109.46,112.42,108.01
06/30/2022,114.81,68,116.04,116.33,115
06/29/2022,116.26,"2,364",117.96,120.38,115.41
06/28/2022,117.98,"4,668",115.84,118.24,115.4
06/27/2022,115.09,"9,749",112.46,116.04,111.25
06/24/2022,113.12,"10,685",109.81,113.99,109.27
06/23/2022,110.05,"20,378",110.22,112.69,108.11
06/22/2022,111.74,"32,687",114.57,114.57,107.03
06/21/2022,114.65,"20,667",113.8,116.25,111.57
06/17/2022,113.12,"25,051",119.34,121.25,111.72
06/16/2022,119.81,"23,437",119.12,120.28,118.77
06/15/2022,118.51,"21,735",121,121.85,117.75
06/14/2022,121.17,"26,925",122.5,121.25,118.94
06/13/2022,122.27,"20,110",121.69,123.61,118.95
06/10/2022,122.01,"24,173",122.94,124.33,119.87
06/09/2022,123.07,"20,446",123.89,124.33,122.5
06/08/2022,123.58,"21,151",121.03,124.41,120.46
06/07/2022,120.57,"19,436",120.08,121.38,118.56
06/06/2022,119.51,"15,718",121.35,121.89,118.76
06/03/2022,119.72,"10,057",118.26,121.44,116.08
06/02/2022,117.61,"21,679",115.82,118.44,112.48
06/01/2022,116.29,"20,193",116.63,118.58,115.43
05/31/2022,122.84,615,119.47,124.13,119.36
05/27/2022,119.43,"3,816",117.54,119.73,116.68
05/26/2022,117.4,"9,969",114.45,118,113.84
05/25/2022,114.03,"11,005",113.92,115.32,113.04
05/24/2022,113.56,"18,322",113.36,114.03,113.37
05/23/2022,113.42,"18,195",112.74,114.36,111.86
05/20/2022,112.55,"16,218",111.5,113.22,110.54
05/19/2022,112.04,"25,326",109.3,112.27,105.7
05/18/2022,109.11,"20,775",112.89,114.13,108.35
05/17/2022,111.93,"22,410",114.29,115.66,111.12
05/16/2022,114.24,"19,401",111.41,114.78,109.04
05/13/2022,111.55,"23,459",108,111.69,107.81
05/12/2022,107.45,"25,396",107.56,108.69,104.69
05/11/2022,107.51,"30,171",101.7,108.26,100.93
05/10/2022,102.46,"25,352",105.56,106.91,101.7
05/09/2022,105.94,"27,321",113.05,113.22,104.95
05/06/2022,112.39,"23,341",111.15,113.52,109.88
05/05/2022,110.9,"25,808",110.14,113.99,109.23
05/04/2022,110.14,"20,271",106.1,111,105.5
05/03/2022,104.97,"22,191",107.37,108.3,104.62
05/02/2022,107.58,"22,457",106.2,108.41,103.13
04/29/2022,109.34,55,107.65,109.77,107.65
04/28/2022,107.59,"4,791",104.76,107.93,103.3
04/27/2022,105.32,"6,138",105.37,106.35,103.27
04/26/2022,104.99,"10,531",102.57,106.15,101.12
04/25/2022,102.32,"13,559",105.74,105.95,99.47
04/22/2022,106.65,"9,554",108.64,108.73,105.53
04/21/2022,108.33,"11,502",107.01,109.79,106.78
04/20/2022,106.8,"14,432",107.72,108.98,104.67
04/19/2022,107.25,"16,856",112.65,114.05,106.77
04/18/2022,113.16,"11,607",111.89,114.82,110.72
04/14/2022,111.7,"15,831",108.37,112.39,106.64
04/13/2022,108.78,"20,320",104.98,109,104.07
04/12/2022,104.64,"21,239",99.25,105.6,98.98
04/11/2022,98.48,"21,586",103.07,103.09,97.62
04/08/2022,102.78,"15,565",101.69,103.25,99.71
04/07/2022,100.58,"17,331",102.15,103.5,98.45
04/06/2022,101.07,"19,208",105.79,108.66,100.54
04/05/2022,106.64,"14,527",108.24,109.85,104.56
04/04/2022,107.53,"15,925",104.25,108.55,102.91
04/01/2022,104.39,"16,219",105.99,106.2,102.37
03/31/2022,107.91,31,108.71,109.36,107.37
03/30/2022,113.45,"1,951",111,114.65,110.9
03/29/2022,110.23,"5,147",109.73,114.71,104.98
03/28/2022,112.48,"13,740",120.31,117.95,109.06
03/25/2022,120.65,"12,801",118.28,120.87,115.21
03/24/2022,119.03,"11,611",121.27,123.7,116.95
03/23/2022,121.6,"11,080",114.74,122.29,114.42
03/22/2022,115.48,"11,704",116.85,119.42,112.77
03/21/2022,115.62,"10,885",107.37,116.73,107.09
03/18/2022,107.93,"9,584",107.24,109.57,105.8
03/17/2022,106.64,"14,363",98.1,107.57,97.88
03/16/2022,98.02,"17,933",99.04,103.68,96.95
03/15/2022,99.91,"24,733",106,106.46,97.5
03/14/2022,106.9,"18,808",112.9,112.84,103.45
03/11/2022,112.67,"18,439",109.72,113.88,107.13
03/10/2022,109.33,"30,024",112.74,118.33,108.95
03/09/2022,111.14,"41,687",111.45,113.09,110.22
03/08/2022,127.98,"36,805",124.25,133.13,121.37
03/07/2022,123.21,"26,824",128.91,130.69,119.07
03/04/2022,118.11,"34,272",110.58,118.97,117.56
03/03/2022,110.46,"35,015",114.25,119.77,109.42
03/02/2022,112.93,"56,987",107.54,115.05,112.86
03/01/2022,104.97,"54,635",98.11,107.6,97.69
02/28/2022,100.99,348,104.48,104.48,99.9
02/25/2022,97.93,"5,225",99.65,98.76,96
02/24/2022,99.08,"19,553",97.56,104.33,97.61
02/23/2022,97.13,"28,985",96.63,98.7,95.8
02/22/2022,96.84,"56,706",96.8,97.03,96.01
02/18/2022,93.54,"42,157",92.98,94.15,90.26
02/17/2022,92.97,"37,258",92.09,94.51,91.82
02/16/2022,94.81,"43,788",93.59,96.07,91.14
02/15/2022,93.28,"44,266",95.76,96.24,92.06
02/14/2022,96.48,"47,299",95.31,96.53,95.55
02/11/2022,94.44,"52,473",91.26,95.51,94.24
02/10/2022,91.41,"41,470",91.72,93.09,90.9
02/09/2022,91.55,"32,141",91.27,92.06,90.06
02/08/2022,90.78,"38,001",93.01,93.01,89.93
02/07/2022,92.69,"35,627",92.73,93.99,92.15
02/04/2022,93.27,"31,707",91.04,93.7,90.89
02/03/2022,91.11,"32,203",89.06,91.29,88.01
02/02/2022,89.47,"37,431",89.29,90.51,88.28
02/01/2022,89.16,"32,211",89.38,89.96,87.72
01/31/2022,91.21,118,90.8,91.3,90.75
01/28/2022,90.03,"6,967",89.89,91.69,89.41
01/27/2022,89.34,"12,973",89.78,91.04,88.98
01/26/2022,89.96,"27,904",88.02,90.48,87.8
01/25/2022,88.2,"27,804",87.17,88.36,86.19
01/24/2022,86.27,"31,995",87.65,88.88,85.02
01/21/2022,87.89,"28,994",87.35,88.22,85.71
01/20/2022,88.38,"29,675",87.73,89.51,87.03
01/19/2022,88.44,"35,746",88.45,89.17,87.63
01/18/2022,87.51,"43,122",86.5,88.55,85.55
01/14/2022,86.06,"29,473",84.13,86.5,84.03
01/13/2022,84.47,"26,336",84.78,85.09,83.79
01/12/2022,84.67,"31,472",83.69,85.2,83.51
01/11/2022,83.72,"36,788",80.96,83.97,80.88
01/10/2022,80.87,"28,530",81.79,82.27,80.49
01/07/2022,81.75,"28,269",82.06,82.99,81.44
01/06/2022,81.99,"39,649",80.15,82.84,79.63
01/05/2022,80.8,"34,333",80.08,81.49,79.55
01/04/2022,80,"30,659",78.95,80.55,78.6
01/03/2022,78.98,"25,682",77.94,79.28,77.04
12/31/2021,77.78,"20,144",79.15,79.68,77.14
12/30/2021,79.32,476,79.25,79.62,78.66
12/29/2021,79.23,"5,516",79,80.16,78.14
12/28/2021,78.94,"7,543",78.87,79.85,78.47
12/27/2021,78.6,"14,007",76.3,79.06,75.76
12/23/2021,76.85,"23,616",75.67,76.98,74.79
12/22/2021,75.29,"23,779",74.04,75.69,73.59
12/21/2021,73.98,"26,549",72.1,74.26,71.24
12/20/2021,71.52,"36,111",73.06,73.07,69.26
12/17/2021,73.52,"25,575",74.51,74.96,72.62
12/16/2021,75.02,"25,386",74.57,75.59,74
12/15/2021,73.88,"28,932",73.26,74.57,72.48
12/14/2021,73.7,"30,769",74.3,75.15,72.57
12/13/2021,74.39,"26,063",75.54,76.39,74.19
12/10/2021,75.15,"23,916",74.1,75.7,73.8
12/09/2021,74.42,"26,537",76.02,76.7,73.83
12/08/2021,75.82,"29,824",75.27,76.37,75.02
12/07/2021,75.44,"33,623",73.54,76.26,73.23
12/06/2021,73.08,"30,083",70.3,73.78,70.29
12/03/2021,69.88,"42,891",70.5,72.6,69.23
12/02/2021,69.67,"77,520",68.81,70.6,69.8
12/01/2021,68.87,"55,882",70.14,72.86,68.15
11/30/2021,70.57,416,74.57,74.57,70.22
11/29/2021,73.44,"7,893",73.59,73.16,72.83
11/26/2021,72.72,"28,968",82.27,82.56,72.11
11/24/2021,82.25,"27,291",82.2,82.91,81.92
11/23/2021,82.31,"40,699",79.42,82.59,78.57
11/22/2021,79.7,"30,519",78.67,79.79,79.04
11/19/2021,78.89,"43,460",81.01,82.23,78.05
11/18/2021,81.24,"30,137",80.28,81.42,79.27
11/17/2021,80.28,"37,735",82.33,82.36,79.77
11/16/2021,82.43,"24,687",82.11,83.14,81.55
11/15/2021,82.05,"31,737",81.92,82.49,80.68
11/12/2021,82.17,"25,714",82.67,82.87,81.26
11/11/2021,82.87,"30,182",82.64,83.43,81.66
11/10/2021,82.64,"35,335",85.16,85.5,82.09
11/09/2021,84.78,"34,334",83.59,85.14,83.18
11/08/2021,83.43,"26,320",82.57,83.99,82.5
11/05/2021,82.74,"42,238",81,83.15,80.27
11/04/2021,80.54,"70,768",81.32,84.5,80.19
11/03/2021,81.99,"49,329",84.04,84.18,81.08
11/02/2021,84.72,"39,149",84.42,85.22,83.76
11/01/2021,84.71,"35,504",83.73,85.11,83.03
10/29/2021,84.38,362,84.19,84.56,84.06
10/28/2021,84.32,"6,486",84.18,84.57,82.31
10/27/2021,84.58,"21,981",86.13,86.27,84.05
10/26/2021,86.4,"23,874",86.03,86.53,85.28
10/25/2021,85.99,"40,752",85.71,86.72,85.44
10/22/2021,85.53,"38,765",84.65,85.94,83.83
10/21/2021,84.61,"47,081",85.88,86.12,83.36
10/20/2021,85.82,"41,281",85.1,85.89,83.63
10/19/2021,85.08,"41,887",84.11,85.4,83.71
10/18/2021,84.33,"37,176",85.05,86.03,83.96
10/15/2021,84.86,"31,221",84.2,85.1,84.17
10/14/2021,84,"35,502",83.35,84.28,83.23
10/13/2021,83.18,"37,792",83.16,83.69,82.21
10/12/2021,83.42,"45,327",83.61,84.23,82.72
10/11/2021,83.65,"44,115",82.59,84.6,82.56
10/08/2021,82.39,"47,270",82.39,83.43,81.96
10/07/2021,81.95,"42,903",80.8,82.5,79.08
10/06/2021,81.08,"40,519",82.66,83.44,80.59
10/05/2021,82.56,"42,825",81.28,83.11,81.2
10/04/2021,81.26,"42,015",79.36,82,78.76
10/01/2021,79.28,"30,835",78.41,79.41,77.57
09/30/2021,78.52,67,78.33,78.71,78.3
09/29/2021,78.64,"3,603",78.25,79.41,77.53
09/28/2021,79.09,"20,743",79.42,80.74,78.08
09/27/2021,79.53,"19,614",78.23,79.88,78.21
09/24/2021,78.09,"18,765",77.18,78.25,76.87
09/23/2021,77.25,"25,376",75.87,77.34,75.6
09/22/2021,76.19,"25,791",74.61,76.26,74.51
09/21/2021,74.36,"24,828",74.23,75.17,73.25
09/20/2021,73.92,"27,318",75.39,75.39,73.51
09/17/2021,75.34,"26,344",75.01,75.78,74.58
09/16/2021,75.67,"27,032",75.46,75.86,74.48
09/15/2021,75.46,"34,814",73.84,76.13,73.78
09/14/2021,73.6,"26,525",73.73,74.27,73.08
09/13/2021,73.51,"26,256",73.05,73.93,72.7
09/10/2021,72.92,"25,447",71.31,73.14,70.96
09/09/2021,71.45,"34,814",72.62,73.19,70.89
09/08/2021,72.6,"30,818",71.58,72.95,71.56
09/07/2021,71.69,"34,342",72.69,72.77,71.1
09/03/2021,72.61,"26,379",72.81,73.7,72.4
09/02/2021,73.03,"29,700",71.24,73.46,70.92
09/01/2021,71.59,"30,059",71.7,71.69,71.23
08/31/2021,72.99,553,73.03,73.49,72.91
08/30/2021,73.41,"1,934",73.59,73.7,71.99
08/27/2021,72.7,"12,552",71.42,72.74,71.16
08/26/2021,71.07,"23,452",71.84,72.13,70.68
08/25/2021,72.25,"30,582",71.13,72.41,70.51
08/24/2021,71.05,"32,357",68.68,71.3,68.52
08/23/2021,68.75,"28,021",65.18,68.91,64.83
08/20/2021,65.18,"25,633",66.6,66.92,64.8
08/19/2021,66.45,"34,966",67.42,67.65,65.56
08/18/2021,68.23,"33,755",69.01,70.04,67.22
08/17/2021,69.03,"28,503",69.65,70.01,68.82
08/16/2021,69.51,"32,891",70.06,70.46,68.14
08/13/2021,70.59,"25,349",71.12,71.39,70
08/12/2021,71.31,"21,983",71.58,71.89,70.68
08/11/2021,71.44,"33,670",70.91,71.63,69.07
08/10/2021,70.63,"29,988",69.29,71.23,68.97
08/09/2021,69.04,"41,792",70.06,70.06,67.61
08/06/2021,70.7,"34,982",71.26,72.43,70.28
08/05/2021,71.29,"31,664",70.25,71.5,69.75
08/04/2021,70.38,"44,003",72.33,72.82,70.12
08/03/2021,72.41,"40,922",73.23,73.53,71.04
08/02/2021,72.89,"36,957",75.18,75.33,72.31
07/30/2021,76.33,477,75.8,76.39,75.51
07/29/2021,76.05,"7,474",74.81,76.14,74.63
07/28/2021,74.74,"19,999",74.66,75.31,74.44
07/27/2021,74.48,"25,128",74.79,75.05,74.02
07/26/2021,74.5,"30,790",74.17,74.83,72.75
07/23/2021,74.1,"22,228",73.71,74.21,73.33
07/22/2021,73.79,"30,931",72.1,73.9,71.75
07/21/2021,72.23,"40,352",68.74,72.36,68.64
07/20/2021,69.35,"41,538",68.76,69.73,67.42
07/19/2021,68.62,"57,578",73,73.29,67.85
07/16/2021,73.59,"32,906",73.26,74.07,72.34
07/15/2021,73.47,"40,914",74.55,74.64,73.16
07/14/2021,74.76,"48,771",76.4,76.71,73.76
07/13/2021,76.49,"30,963",75.23,76.61,74.96
07/12/2021,75.16,"31,088",75.64,75.84,74.24
07/09/2021,75.55,"31,061",74.36,75.79,73.82
07/08/2021,74.12,"40,749",73.47,74.39,72.1
07/07/2021,73.43,"50,484",74.96,75.99,72.59
07/06/2021,74.53,"57,589",76.09,77.83,74.12
07/02/2021,76.17,"30,370",75.59,76.43,75.23
07/01/2021,75.84,"51,738",74.7,76.75,74.55
06/30/2021,75.13,412,75.14,75.6,74.54
06/29/2021,74.76,"3,790",74.6,75.51,73.91
06/28/2021,74.68,"25,868",76.16,76.59,74.52
06/25/2021,76.18,"29,727",75.61,76.21,74.95
06/24/2021,75.56,"26,269",75.37,75.77,74.52
06/23/2021,75.19,"32,229",74.76,76,74.73
06/22/2021,74.81,"37,451",74.81,75.29,74.34
06/21/2021,74.9,"38,104",73.33,74.95,72.98
06/18/2021,73.51,"25,713",73.07,73.75,72.18
06/17/2021,73.08,"41,097",73.98,74.49,72
06/16/2021,74.39,"41,544",74.3,74.96,73.89
06/15/2021,73.99,"31,045",73.1,74.33,72.78
06/14/2021,72.86,"24,995",72.49,73.64,72.49
06/11/2021,72.69,"35,490",72.39,73.08,71.88
06/10/2021,72.52,"36,625",72.09,72.64,70.95
06/09/2021,72.03,"30,605",72.14,72.88,71.82
06/08/2021,72.22,"29,385",71.39,72.41,70.72
06/07/2021,71.49,"20,580",71.7,72.26,71.1
06/04/2021,71.89,"22,970",71.35,71.93,71.58
06/03/2021,71.31,"24,333",71.27,71.45,70.95
06/02/2021,71.35,"20,880",70.56,71.49,70.81
06/01/2021,70.25,"38,662",70.56,70.59,70.48
05/28/2021,69.63,765,69.62,69.83,69.42
05/27/2021,69.46,"5,609",68.88,69.48,69.34
05/26/2021,68.87,"20,462",68.63,69.16,68.03
05/25/2021,68.65,"19,343",68.39,68.76,68.38
05/24/2021,68.46,"28,830",66.64,68.64,67.79
05/21/2021,66.44,"31,982",65.04,66.94,64.56
05/20/2021,65.11,"33,444",66.73,66.1,64.79
05/19/2021,66.66,"41,873",68.58,66.76,66.44
05/18/2021,68.71,"42,079",69.53,68.85,68.39
05/17/2021,69.46,"24,274",68.86,69.6,69.49
05/14/2021,68.71,"30,185",67.01,68.86,66.5
05/13/2021,67.05,"37,558",69.02,69.02,66.47
05/12/2021,69.32,"30,881",68.72,69.9,68.19
05/11/2021,68.55,"38,867",68.24,68.71,68.52
05/10/2021,68.32,"31,333",68.62,70.26,67.41
05/07/2021,68.28,"28,322",68.29,68.25,68.02
05/06/2021,68.09,"24,642",68.57,68.49,67.97
05/05/2021,68.96,"31,010",69.5,68.71,68.59
05/04/2021,68.88,"25,303",67.65,68.98,68.41
05/03/2021,67.56,"17,712",66.77,67.62,67.47
04/30/2021,67.25,"1,086",68.32,67.33,67.16
04/29/2021,68.56,"7,885",67.04,68.51,68.5
04/28/2021,67.27,"23,262",66.66,67.86,66.16
04/27/2021,66.42,"29,485",65.77,66.8,65.7
04/26/2021,65.65,"26,704",66.02,65.76,65.65
04/23/2021,66.11,"20,825",65.62,66.31,65.17
04/22/2021,65.4,"26,230",65.11,65.62,65.03
04/21/2021,65.32,"31,566",66.36,66.04,64.96
04/20/2021,66.57,"38,361",67.12,68.08,65.5
04/19/2021,67.05,"19,518",66.69,67.23,66.19
04/16/2021,66.77,"23,504",66.86,67.38,66.45
04/15/2021,66.94,"23,243",66.35,67.03,65.96
04/14/2021,66.58,"35,448",64.01,66.9,63.89
04/13/2021,63.67,"26,177",63.24,64.18,63.23
04/12/2021,63.28,"35,925",63.02,64.31,62.41
04/09/2021,62.95,"28,820",63.29,63.46,62.57
04/08/2021,63.2,"31,469",62.98,63.42,62.38
04/07/2021,63.16,"41,781",62.68,63.28,61.6
04/06/2021,62.74,"43,833",62.3,62.87,62.47
04/05/2021,62.15,"37,011",64.81,64.81,61.24
04/01/2021,64.86,"65,423",62.99,65.16,62.37
03/31/2021,63.54,257,64.48,64.69,63.59
03/30/2021,64.14,"4,029",65.31,65.65,63.64
03/29/2021,64.98,"16,677",64.04,65.14,64.67
03/26/2021,64.57,"22,194",61.74,64.88,61.74
03/25/2021,61.95,"27,487",64.15,64.15,60.98
03/24/2021,64.41,"33,152",60.35,64.56,60.34
03/23/2021,60.79,"42,797",64.31,64.34,60.26
03/22/2021,64.62,"29,260",64.66,65.07,63.45
03/19/2021,64.53,"53,604",62.83,64.9,62.08
03/18/2021,63.28,"60,315",67.93,68.15,61.42
03/17/2021,68,"37,246",68.39,68.88,66.96
03/16/2021,68.39,"26,847",68.86,68.96,67.36
03/15/2021,68.88,"29,627",69.12,70.02,67.83
03/12/2021,69.22,"26,780",69.59,69.9,69.03
03/11/2021,69.63,"30,177",68.26,69.83,68
03/10/2021,67.9,"36,606",67.33,68.43,66.82
03/09/2021,67.52,"30,528",68.1,69.32,67.14
03/08/2021,68.24,"37,137",69.9,71.36,67.81
03/05/2021,69.36,"39,966",67.26,69.69,66.66
03/04/2021,66.74,"67,280",63.94,67.25,66.77
03/03/2021,64.07,"35,008",62.47,64.14,63.8
03/02/2021,62.7,"37,510",63.39,63.38,62.37
03/01/2021,63.69,"32,914",64.71,63.49,63.18
02/26/2021,66.13,185,66.71,66.08,66.06
02/25/2021,66.88,"10,181",67.34,67.17,66.6
02/24/2021,67.04,"24,916",65.23,67.29,66.61
02/23/2021,65.37,"32,551",65.66,66.79,64.48
02/22/2021,65.24,"31,265",62.73,65.84,64.39
02/19/2021,62.91,"47,322",63.65,63.93,62.48
02/18/2021,63.93,"41,371",64.87,64.06,63.23
02/17/2021,64.34,"45,455",63.55,64.95,64.41
02/16/2021,63.35,"64,109",63.42,63.54,63.34
02/12/2021,62.43,"34,072",60.86,62.83,60.34
02/11/2021,61.14,"23,866",61.21,61.5,60.73
02/10/2021,61.47,"28,015",61.23,61.68,60.89
02/09/2021,61.09,"30,881",60.64,61.27,60.04
02/08/2021,60.56,"20,784",59.56,60.7,59.55
02/05/2021,59.34,"23,213",59.1,59.79,59.08
02/04/2021,58.84,"24,482",58.67,59.05,58.06
02/03/2021,58.46,"33,460",57.79,58.94,57.53
02/02/2021,57.46,"34,344",56.29,58.05,56.22
02/01/2021,56.35,"33,337",54.9,56.53,54.62
01/29/2021,55.88,"1,118",55.52,56.35,55.43
01/28/2021,55.53,"5,291",55.67,56.59,55.22
01/27/2021,55.81,"18,897",56.08,56.48,55.2
01/26/2021,55.91,"17,386",55.98,56.34,55.4
01/25/2021,55.88,"23,612",55.2,56.02,55.09
01/22/2021,55.41,"32,183",56.15,56.17,54.49
01/21/2021,56.1,"21,471",55.78,56.17,55.98
01/20/2021,56.08,"29,330",55.9,56.36,55.65
01/19/2021,55.9,"36,102",54.74,56.08,54.5
01/15/2021,55.1,"29,335",56.43,56.64,54.65
01/14/2021,56.42,"31,161",55.94,56.48,56.29
01/13/2021,56.06,"32,459",56.73,56.21,55.95
01/12/2021,56.58,"27,620",55.56,56.78,56.43
01/11/2021,55.66,"32,305",56.21,56.28,54.98
01/08/2021,55.99,329,54.46,56.3,56.07
01/07/2021,54.38,"12,746",54.14,54.9,53.94
01/06/2021,54.3,248,53.59,54.26,53.99
01/05/2021,53.6,"61,765",50.74,53.88,52.66
01/04/2021,51.09,560,51.66,50.8,50.62
12/31/2020,51.8,"17,725",51.51,51.91,50.9
12/30/2020,51.34,278,51.05,51.52,51.05
12/29/2020,51.09,"1,398",51.06,51.63,50.87
12/28/2020,50.86,"3,682",51.2,52.02,50.52
12/24/2020,51.29,618,51.1,51.39,51.13
12/23/2020,51.2,114,49.8,51.19,51.1
12/22/2020,50.08,"21,329",50.9,50.93,49.56
12/21/2020,50.91,95,52.31,50.87,50.69
12/18/2020,52.26,556,51.45,52.35,52.08
12/17/2020,51.5,"9,423",51.08,51.88,51.01
12/16/2020,51.08,144,50.72,51.13,50.99
12/15/2020,50.76,"22,900",50.33,50.88,49.79
12/14/2020,50.29,169,50.06,50.39,50.24
12/11/2020,49.97,199,50.34,50.03,49.88
12/10/2020,50.25,"30,075",48.98,51.07,48.86
12/09/2020,48.86,"14,021",48.83,49.54,48.38
12/08/2020,48.84,"25,625",48.68,49,48.11
12/07/2020,48.79,206,49.23,48.76,48.6
12/04/2020,49.25,25,48.82,49.08,49.05
12/03/2020,48.71,44,48.08,48.82,48.71
12/02/2020,48.25,"34,530",47.14,48.52,47.79
12/01/2020,47.42,"31,369",47.7,48.3,46.89
11/30/2020,47.59,303,47.75,47.95,46.85
11/27/2020,48.18,"11,298",48.9,49.07,47.36
11/25/2020,48.61,"10,311",47.86,49.05,47.6
11/24/2020,47.86,233,45.84,47.93,47.72
11/23/2020,46.06,"29,627",45.13,45.9,45.77
11/20/2020,44.96,314,44.22,45.17,45.01
11/19/2020,44.2,"25,080",44.16,44.42,44.19
11/18/2020,44.34,"27,952",43.78,44.3,44.13
11/17/2020,43.75,"13,303",43.9,44.23,43.08
11/16/2020,43.82,232,42.73,44.01,43.84
11/13/2020,42.78,"33,729",43.33,43.34,42.63
11/12/2020,43.53,"36,004",43.78,44.48,43.28
11/11/2020,43.8,"2,624",43.96,44.32,43.65
11/10/2020,43.61,"41,318",42.13,44.07,43.54
11/09/2020,42.4,262,39.7,42.36,41.98
11/06/2020,39.45,"32,655",40.77,40.78,39.33
11/05/2020,40.93,"30,612",41.17,40.75,40.63
11/04/2020,41.23,177,40.15,41.25,41.04
11/03/2020,39.71,268,39.22,40.22,39.86
11/02/2020,38.97,"1,044",37.42,39.34,39.1
10/30/2020,37.46,103,37.62,37.49,37.32
10/29/2020,37.65,140,39.32,37.84,37.56
10/28/2020,39.12,"19,846",40.71,39.31,38.74
10/27/2020,41.2,"11,302",40.52,41.47,40.4
10/26/2020,40.46,"14,413",41.63,41.63,40.22
10/23/2020,41.77,"1,964",42.44,41.93,41.61
10/22/2020,42.46,"27,628",41.72,42.79,41.47
10/21/2020,41.73,"29,817",42.82,43.04,41.46
10/20/2020,43.16,187,42.43,43,42.67
10/19/2020,42.62,"13,901",42.74,43.22,42.37
10/16/2020,42.93,"4,615",43.04,43.08,42.79
10/15/2020,43.16,"38,997",43.41,43.23,43.14
10/14/2020,43.32,375,42.42,43.43,43.28
10/13/2020,42.45,136,41.83,42.51,42.4
10/12/2020,41.72,120,42.69,41.82,41.67
10/09/2020,42.85,"25,076",43.41,43.56,42.61
10/08/2020,43.34,"13,763",42.06,43.47,41.86
10/07/2020,41.99,"1,009",41.94,42.18,41.92
10/06/2020,42.65,674,41.52,42.35,41.9
10/05/2020,41.29,"29,029",39.22,41.78,39.21
10/02/2020,39.27,200,40.79,39.24,39.05
10/01/2020,40.93,"34,234",42.02,42.56,39.92
09/30/2020,40.95,517,40.75,40.97,40.95
09/29/2020,41.03,"1,486",42.43,42.52,40.44
09/28/2020,42.43,"9,946",41.85,42.62,41.48
09/25/2020,41.92,869,41.93,42.01,41.69
09/24/2020,41.94,21,41.5,41.8,41.76
09/23/2020,41.77,"22,741",41.74,42.61,41.4
09/22/2020,41.72,"19,199",41.79,42.19,41.21
09/21/2020,41.44,219,43.02,41.82,41.63
09/18/2020,43.15,"25,486",43.26,43.22,42.69
09/17/2020,43.3,"15,583",42.26,43.51,41.52
09/16/2020,42.22,521,40.75,42.44,42.22
09/15/2020,40.53,237,39.66,40.73,40.51
09/14/2020,39.61,"21,703",39.77,40.09,39.31
09/11/2020,39.83,174,39.95,39.96,39.73
09/10/2020,40.06,"23,542",40.64,40.95,39.72
09/09/2020,40.79,"29,656",39.8,41.2,39.28
09/08/2020,39.78,"51,439",42.22,42.45,39.3
09/04/2020,42.66,"31,984",43.87,43.56,42.3
09/03/2020,44.07,"30,093",44.37,44.61,43.16
09/02/2020,44.43,"3,716",45.85,44.76,44.2
09/01/2020,45.58,"19,319",45.57,46.22,45.47
08/31/2020,45.28,"9,734",45.71,46.51,45.22
08/28/2020,45.81,"20,728",45.56,45.91,45.34
08/27/2020,45.09,"1,732",45.62,45.82,44.56
08/26/2020,45.64,"14,949",45.98,46.09,45.55
08/25/2020,45.86,"8,995",44.99,46.04,44.99
08/24/2020,45.13,"8,849",44.42,45.17,44.28
08/21/2020,44.35,"11,262",44.91,45.12,43.6
08/20/2020,44.9,196,45.27,44.95,44.87
08/19/2020,45.37,"3,395",45.04,45.49,45
08/18/2020,45.46,"16,452",45.38,45.54,44.77
08/17/2020,45.37,"18,063",44.96,45.42,44.5
08/14/2020,44.8,"16,242",45.05,45.42,44.48
08/13/2020,44.96,"1,201",45.43,45.11,44.86
08/12/2020,45.43,"7,356",44.58,45.62,44.51
08/11/2020,44.5,"10,079",44.99,45.78,44.41
08/10/2020,44.99,"7,180",44.61,45.26,44.4
08/07/2020,44.4,"10,675",45.12,45.25,44.26
08/06/2020,45.09,"1,254",45.24,45.32,44.98
08/05/2020,45.17,"2,350",44.4,45.36,45.02
08/04/2020,44.43,"13,942",43.91,44.82,43.24
08/03/2020,44.15,"26,437",43.55,44.45,42.89
07/31/2020,43.3,237,43.32,43.52,43.07
07/30/2020,42.94,"2,247",43.8,43.82,41.38
07/29/2020,43.75,69,43.3,43.81,43.74
07/28/2020,43.22,83,43.62,43.31,43.13
07/27/2020,43.41,"10,952",43.4,43.77,42.38
07/24/2020,43.34,"10,777",43.36,43.9,42.8
07/23/2020,43.31,"23,096",44.35,44.77,43.13
07/22/2020,44.29,"18,937",43.9,44.4,43.62
07/21/2020,44.32,"21,970",43.18,44.88,43.12
07/20/2020,43.28,"9,989",43.09,43.43,42.37
07/17/2020,43.14,"18,132",43.34,43.46,42.63
07/16/2020,43.37,"19,425",43.64,43.81,43.14
07/15/2020,43.79,"23,042",43.15,43.84,42.7
07/14/2020,42.9,"21,126",42.81,43.09,42.73
07/13/2020,42.72,"22,131",43.11,43.33,42.19
07/10/2020,43.24,"23,554",42.4,43.41,41.32
07/09/2020,42.35,"22,614",43.38,43.5,41.93
07/08/2020,43.29,"18,646",42.96,43.46,42.78
07/07/2020,43.08,"18,215",43.15,43.45,42.46
07/06/2020,43.1,"9,946",42.75,43.71,42.75
07/02/2020,43.14,"21,131",42.02,43.22,41.75
07/01/2020,42.03,"26,437",41.96,42.17,41.82
06/30/2020,41.15,683,41.25,41.26,41.09
06/29/2020,41.71,"6,664",40.31,41.94,40.06
06/26/2020,41.02,"11,661",41.47,41.78,40.29
06/25/2020,41.05,"27,368",40.43,41.64,39.47
06/24/2020,40.31,"27,324",42.33,42.89,39.62
06/23/2020,42.63,"25,464",43.17,43.93,42.21
06/22/2020,43.08,"23,634",41.55,43.17,41.51
06/19/2020,42.19,"32,728",41.42,42.93,41.01
06/18/2020,41.51,"27,616",40.58,41.64,40.05
06/17/2020,40.71,"27,916",40.71,41.45,40.03
06/16/2020,40.96,"30,469",39.77,41.66,38.97
06/15/2020,39.72,"29,251",38.69,39.88,37.24
06/12/2020,38.73,"27,754",38.38,39.44,37
06/11/2020,38.55,"35,513",41.31,38.92,37.83
06/10/2020,41.73,"22,826",40.87,41.99,40.13
06/09/2020,41.18,"25,330",40.95,41.43,39.85
06/08/2020,40.8,"27,714",42.41,43.43,40.68
06/05/2020,42.3,"27,833",39.93,42.48,39.72
06/04/2020,39.99,"21,847",39.38,40.1,39.06
06/03/2020,39.79,"32,814",39.52,40.53,38.75
06/02/2020,39.57,"27,325",38.48,39.79,38.34
06/01/2020,38.32,"25,728",37.54,38.68,37.17
05/29/2020,35.33,334,35.03,35.36,34.18
05/28/2020,35.29,"6,477",34.34,35.89,33.39
05/27/2020,34.74,"15,476",36.1,36.18,34
05/26/2020,36.17,"25,232",35.67,36.68,34.46
05/22/2020,35.13,"29,314",35.94,36.23,33.55
05/21/2020,36.06,"25,476",35.8,36.98,35.71
05/20/2020,35.75,"24,653",34.43,36.4,35.16
05/19/2020,34.65,"23,247",35.44,35.86,34.2
05/18/2020,34.81,"27,502",32.71,35.72,32.71
05/15/2020,32.5,"28,197",31.35,32.9,30.96
05/14/2020,31.13,"25,312",29.39,31.49,28.9
05/13/2020,29.19,"24,577",29.47,30.54,28.87
05/12/2020,29.98,"25,656",30.07,30.38,29.45
05/11/2020,29.63,"31,967",30.68,31.45,29.36
05/08/2020,30.97,"19,796",29.43,31.13,29.4
05/07/2020,29.46,"35,008",30.12,31.84,29.07
05/06/2020,29.72,"35,719",31.88,32.49,28.67
05/05/2020,30.97,"35,516",27.94,31.69,27.8
05/04/2020,27.2,"29,677",26.21,28.08,25.48
05/01/2020,26.44,"27,764",26.72,27.95,25.75
04/30/2020,25.27,"1,196",23.11,25.33,25.27
04/29/2020,22.54,"9,500",20.75,22.96,22.76
04/28/2020,20.46,"19,364",20.17,21.27,18.73
04/27/2020,19.99,"23,204",21.3,21.91,19.11
04/24/2020,21.44,"30,443",21.79,22.67,20.51
04/23/2020,21.33,"42,516",21.3,21.92,21.68
04/22/2020,20.37,"49,471",22.13,22.13,19.92
04/21/2020,19.33,"82,076",19.13,20.22,18.32
04/20/2020,25.57,"44,255",25.47,26.54,25.38
04/17/2020,28.08,"34,615",28.47,29,27.6
04/16/2020,27.82,"29,580",28.06,29.01,27.2
04/15/2020,27.69,"29,940",30.01,30.42,27.17
04/14/2020,29.6,"29,849",32.09,32.38,29.4
04/13/2020,31.74,"26,185",32.44,33.23,30.64
04/09/2020,31.48,"46,392",33.66,36.43,31.24
04/08/2020,32.84,"36,253",32.41,33.78,32.73
04/07/2020,31.87,"34,982",33.31,34.18,31.73
04/06/2020,33.05,"35,676",31.25,33.32,33.02
04/03/2020,34.11,"54,728",29.96,35,28.28
04/02/2020,29.94,"63,068",30.65,32.21,28.03
04/01/2020,24.74,"41,906",25.93,26.27,24.54
03/31/2020,26.35,"40,333",26.46,27.91,25.7
03/30/2020,22.76,"5,745",24,23.06,21.69
03/27/2020,24.93,"21,201",26.71,27,24.17
03/26/2020,26.34,"24,090",27.59,27.67,26.04
03/25/2020,27.39,"24,748",27.6,28.28,25.73
03/24/2020,27.15,"27,959",27.64,28.64,26.69
03/23/2020,27.03,"30,457",26.5,27.52,24.68
03/20/2020,26.98,"51,408",28,30.93,26.79
03/19/2020,28.47,"41,004",26.44,29.38,24.98
03/18/2020,24.88,"46,551",28.66,29.19,24.51
03/17/2020,28.73,"32,080",29.7,31.22,28.46
03/16/2020,30.05,"42,843",29.57,31.27,29.47
03/13/2020,33.85,"49,603",32.86,35.99,32.17
03/12/2020,33.22,"66,611",36.13,36.53,32.48
03/11/2020,35.79,"59,919",37.8,36.1,35.49
03/10/2020,37.22,"66,431",33.46,38.21,33.44
03/09/2020,34.36,"75,418",39.24,39.24,31.25
03/06/2020,45.27,"68,455",50.12,49.68,45.16
03/05/2020,49.99,"38,582",51.96,52.01,49.7
03/04/2020,51.13,"39,131",51.73,53.03,51.04
03/03/2020,51.86,"41,465",52.98,53.87,51.24
03/02/2020,51.9,"46,064",49.04,52.78,48.38
02/28/2020,50.52,"1,149",51.37,51.49,50.12
02/27/2020,52.18,"7,441",52.79,53.12,51.05
02/26/2020,53.43,"25,129",55.08,53.44,53.34
02/25/2020,54.95,"25,874",55.14,55.18,54.61
02/24/2020,56.3,"26,796",58.02,56.36,56
02/21/2020,58.5,"35,606",59.16,59.27,57.74
02/20/2020,59.31,"32,650",59.34,60.02,58.9
02/19/2020,59.12,"35,452",57.7,59.41,57.54
02/18/2020,57.75,"46,485",57.54,57.82,56.29
02/14/2020,57.32,"40,762",56.4,57.53,56.16
02/13/2020,56.34,"48,127",56.34,56.83,54.97
02/12/2020,55.79,"42,664",54.18,56.3,54.18
02/11/2020,54.01,"35,703",53.35,54.66,53.35
02/10/2020,53.27,"35,455",54.24,54.7,53.11
02/07/2020,54.47,"43,021",55.36,55.47,54.21
02/06/2020,54.93,"49,497",55.57,56.56,54.24
02/05/2020,55.28,"54,972",53.88,56.47,53.88
02/04/2020,53.96,"51,878",54.15,55.64,53.69
02/03/2020,54.45,"65,537",55.85,56.76,54.07
01/31/2020,58.16,573,59.07,59.53,57.98
01/30/2020,58.29,"9,426",59.61,59.61,57.73
01/29/2020,59.81,"19,776",59.67,60.61,59.25
01/28/2020,59.51,"39,174",58.95,60.11,58.5
01/27/2020,59.32,"37,086",60.28,60.49,58.5
01/24/2020,60.69,"32,842",60.73,60.86,60.62
01/23/2020,62.04,"40,984",62.63,62.78,61.25
01/22/2020,63.21,"34,046",63.17,63.47,62.53
01/21/2020,64.59,"49,011",65.3,66,64.06
01/17/2020,64.85,"34,060",64.75,65.14,64.49
01/16/2020,64.62,"36,606",64.31,64.96,63.92
01/15/2020,64,"33,681",64.46,64.61,63.55
01/14/2020,64.49,"34,006",64.22,65.04,63.91
01/13/2020,64.2,"34,898",65.18,65.25,63.92
01/10/2020,64.98,"45,308",65.41,65.66,64.86
01/09/2020,65.37,"49,531",65.79,66.09,64.55
01/08/2020,65.44,"83,539",68.47,66.31,65.68
01/07/2020,68.27,"40,677",68.58,68.74,67.65
01/06/2020,68.91,"51,077",69.07,70.72,68.19
01/03/2020,68.6,"76,623",66.29,69.48,66.22
01/02/2020,66.25,"25,300",66.47,66.57,65.73
12/31/2019,66,"30,166",66.68,66.92,65.64
12/30/2019,68.44,"2,269",68.21,68.91,68.18
12/27/2019,68.16,"6,667",67.92,68.29,67.58
12/26/2019,67.92,"10,101",67.37,67.95,67.19
12/24/2019,67.2,"16,842",66.51,67.25,66.37
12/23/2019,66.39,"19,990",66.21,66.6,65.81
12/20/2019,66.14,"31,172",66.52,66.71,65.73
12/19/2019,66.54,"27,484",66.12,66.78,66.04
12/18/2019,66.17,"30,914",65.83,66.42,65.57
12/17/2019,66.1,"33,438",65.37,66.23,65.12
12/16/2019,65.34,"30,341",64.98,65.65,64.88
12/13/2019,65.22,"33,913",64.41,65.78,64.39
12/12/2019,64.2,"32,566",63.89,64.57,64.3
12/11/2019,63.72,"30,836",64.16,63.9,63.79
12/10/2019,64.34,"30,819",64,64.68,63.77
12/09/2019,64.25,"30,310",64.4,64.5,63.61
12/06/2019,64.39,"41,683",63.29,64.86,62.83
12/05/2019,63.39,"37,069",63.05,63.9,62.75
12/04/2019,63,"40,515",61.16,63.53,60.99
12/03/2019,60.82,"31,827",60.91,61.59,60.3
12/02/2019,60.92,"37,632",60.8,62.08,60.5
11/29/2019,62.43,"2,968",63.87,64.04,62.4
11/27/2019,64.06,"12,361",64.14,64.6,63.53
11/26/2019,64.27,"19,406",63.51,64.31,63.45
11/25/2019,63.65,"24,092",63.46,63.79,62.96
11/22/2019,63.39,"30,521",63.67,64.3,62.99
11/21/2019,63.97,"32,667",62.44,64.03,61.93
11/20/2019,62.4,"37,744",60.74,62.8,60.3
11/19/2019,60.91,"30,852",62.33,62.55,60.63
11/18/2019,62.44,"27,766",63.3,63.58,61.94
11/15/2019,63.3,"30,329",63.41,63.5,63.24
11/14/2019,62.28,"26,971",62.55,63.2,62.14
11/13/2019,62.37,"32,610",61.97,62.71,62.43
11/12/2019,62.06,"29,716",62.17,62.85,61.8
11/11/2019,62.18,"22,835",62.51,62.75,61.58
11/08/2019,62.51,1,62.51,62.51,62.51
11/07/2019,62.29,"31,721",61.78,62.36,62.06
11/06/2019,61.74,"34,345",61.78,61.98,61.68
11/05/2019,62.96,"26,787",62.06,63.17,61.9
11/04/2019,62.13,"28,320",62,62.78,61.29
11/01/2019,61.69,"27,821",59.55,61.81,59.4
10/31/2019,60.23,911,60.69,61.03,60.07
10/30/2019,60.61,"8,203",61.31,61.91,60.47
10/29/2019,61.59,"14,804",61.65,61.98,60.67
10/28/2019,61.57,"22,277",61.99,62.34,61.2
10/25/2019,62.02,"28,529",61.52,62.08,61.93
10/24/2019,61.67,"31,927",61.09,61.91,60.66
10/23/2019,61.17,"35,245",59.63,61.3,58.85
10/22/2019,59.7,"32,762",59.05,60.26,58.77
10/21/2019,58.96,"33,900",59.36,59.54,58.26
10/18/2019,59.42,"32,258",59.88,60.27,59
10/17/2019,59.91,"43,888",59.1,60.03,58.64
10/16/2019,59.42,"41,204",58.76,59.73,58.35
10/15/2019,58.74,"48,761",59.29,59.68,58
10/14/2019,59.35,"37,789",60.56,60.75,58.51
10/11/2019,60.51,"50,840",59.58,60.69,59.21
10/10/2019,59.1,"35,156",58.39,59.53,57.11
10/09/2019,58.32,"35,380",58.24,58.36,58.19
10/08/2019,58.24,"37,987",58.47,58.93,57.37
10/07/2019,58.35,"28,243",58.28,58.58,58.22
10/04/2019,58.37,"41,166",57.6,58.95,57.6
10/03/2019,57.71,"46,326",57.5,57.99,56.15
10/02/2019,57.69,"39,598",59.22,59.49,57.23
10/01/2019,58.89,"39,983",59.53,60.09,58.41
09/30/2019,60.78,801,61.88,62.08,60.77
09/27/2019,61.91,"6,930",62.53,62.72,60.77
09/26/2019,62.74,"10,186",62.58,62.92,61.46
09/25/2019,62.39,"22,920",62.43,62.81,61.22
09/24/2019,63.1,"26,817",64.48,64.53,62.35
09/23/2019,64.77,"22,643",65.32,65.32,63.54
09/20/2019,64.28,"21,494",64.98,65.27,64.05
09/19/2019,64.4,"35,586",63.65,65.57,63.47
09/18/2019,63.6,"36,559",64.25,63.69,63.45
09/17/2019,64.55,"86,039",66.76,66.78,63.56
09/16/2019,69.02,"67,806",68.57,69.67,67.58
09/13/2019,60.22,"25,712",60.41,60.8,59.6
09/12/2019,60.38,"44,041",61.03,61.39,58.91
09/11/2019,60.81,"36,364",62.68,63.25,60.52
09/10/2019,62.38,"31,529",62.74,63.77,62.17
09/09/2019,62.59,"30,493",61.54,62.99,61.54
09/06/2019,61.54,"35,099",60.81,61.88,59.41
09/05/2019,60.95,"36,766",60.51,62.39,60.25
09/04/2019,60.7,"35,248",58.24,60.96,58.09
09/03/2019,58.26,"48,849",58.68,59.22,57.22
08/30/2019,60.37,549,61.03,61.14,60.3
08/29/2019,61.08,"5,720",60.49,61.18,60.01
08/28/2019,60.49,"15,019",60.14,61.05,59.82
08/27/2019,59.51,"27,976",58.71,60.14,58.51
08/26/2019,58.7,"24,570",58.4,60.17,58.27
08/23/2019,59.34,"40,095",60.04,60.28,58.32
08/22/2019,59.92,"31,426",60.42,60.89,59.47
08/21/2019,60.3,"31,355",60.06,61.41,60.05
08/20/2019,60.03,"29,269",59.74,60.32,58.96
08/19/2019,59.74,"29,626",58.63,59.92,58.59
08/16/2019,58.64,"24,508",58.42,59.5,58.29
08/15/2019,58.23,"44,032",59.05,59.42,57.69
08/14/2019,59.48,"42,291",60.98,61.08,58.23
08/13/2019,61.3,"44,444",58.4,61.5,57.98
08/12/2019,58.57,"29,973",58.36,58.87,57.88
08/09/2019,58.53,"32,688",57.65,59.1,57.12
08/08/2019,57.38,"36,552",57.37,58.01,56.77
08/07/2019,56.23,"51,688",58.56,59.19,55.88
08/06/2019,58.94,"33,052",60,60.54,58.57
08/05/2019,59.81,"45,081",61.55,61.55,59.67
08/02/2019,61.89,"45,978",61.1,62.93,60.89
08/01/2019,60.5,"59,354",64.29,64.52,60.03
07/31/2019,65.17,593,64.61,65.36,64.54
07/30/2019,64.72,"7,963",63.85,65.04,63.85
07/29/2019,63.71,"12,484",63.12,63.91,62.91
07/26/2019,63.46,"25,420",63.24,63.96,63.02
07/25/2019,63.39,"26,183",63.15,64.23,63.03
07/24/2019,63.18,"40,154",64.24,64.66,62.59
07/23/2019,63.83,"30,227",63.29,64.45,62.66
07/22/2019,63.26,"32,971",62.91,64.02,62.77
07/19/2019,62.47,"35,595",62.58,63.34,61.84
07/18/2019,61.93,"48,107",63.63,64.46,61.29
07/17/2019,63.66,"33,378",64.33,65.28,63.23
07/16/2019,64.35,"40,089",66.13,67.08,63.85
07/15/2019,66.48,"34,524",66.65,67.46,66.07
07/12/2019,66.72,"31,142",66.78,67.27,66.51
07/11/2019,66.52,"36,938",66.72,67.64,66.44
07/10/2019,67.01,"40,176",64.49,67.13,64.49
07/09/2019,64.16,"27,987",63.92,65.02,63.74
07/08/2019,64.11,"28,359",64.37,65.13,63.8
07/05/2019,64.23,"33,351",63.28,64.52,62.91
07/03/2019,63.82,"10,182",63.88,64.06,62.95
07/02/2019,62.4,"46,602",65.19,65.5,62.23
07/01/2019,65.06,"40,858",65.28,66.74,64.22
06/28/2019,64.74,"1,798",66.65,66.78,66.06
06/27/2019,66.55,"8,906",66.09,66.79,65.65
06/26/2019,66.49,"24,628",65.77,66.86,65.61
06/25/2019,65.05,"34,950",64.72,65.96,64.18
06/24/2019,64.86,"37,503",65.54,65.8,64.1
06/21/2019,65.2,"49,697",64.74,65.75,63.99
06/20/2019,64.45,"61,159",62.21,64.81,62.17
06/19/2019,61.82,"48,916",62.25,62.52,61.39
06/18/2019,62.14,"44,666",61.02,62.83,60.25
06/17/2019,60.94,"45,347",61.97,62.35,60.72
06/14/2019,62.01,"37,242",61.38,62.57,60.74
06/13/2019,61.31,"69,718",59.82,62.64,59.76
06/12/2019,59.97,"44,274",62.11,62.11,59.57
06/11/2019,62.29,"39,556",62.36,62.87,62.01
06/10/2019,62.29,"32,712",63.69,64.13,62.05
06/07/2019,63.29,"42,324",62.22,63.58,61.78
06/06/2019,61.67,"47,126",60.58,62.42,60.14
06/05/2019,60.63,"64,379",61.48,62.26,59.45
06/04/2019,61.97,"56,144",60.84,62.1,60.22
06/03/2019,61.28,"58,486",61.6,62.83,60.46
05/31/2019,61.99,"1,068",66.71,66.73,64.42
05/30/2019,66.87,"11,979",69.73,69.95,66.3
05/29/2019,69.45,"27,487",70.05,70.09,68.07
05/28/2019,70.11,"55,439",69.1,70.58,68.55
05/24/2019,68.69,"11,708",69.1,70.22,68.55
05/23/2019,67.76,"76,795",70.88,70.93,67
05/22/2019,70.99,"53,317",72,72.03,70.42
05/21/2019,72.18,"52,232",72.14,72.52,71.61
05/20/2019,71.97,"45,718",72.35,73.39,71.59
05/17/2019,72.21,"41,701",72.79,73.23,71.78
05/16/2019,72.62,"55,629",71.95,73.35,71.82
05/15/2019,71.77,"47,306",70.98,72.25,70.42
05/14/2019,71.24,"56,338",69.99,71.64,69.93
05/13/2019,70.23,"58,033",70.9,72.57,69.73
05/10/2019,70.62,"49,640",70.3,71.23,70.17
05/09/2019,70.39,"44,560",70.23,70.64,69.4
05/08/2019,70.37,"43,071",69.82,70.8,69.32
05/07/2019,69.88,"47,007",71.16,71.31,69.39
05/06/2019,71.24,"34,397",70.6,71.79,68.76
05/03/2019,70.85,"35,333",70.32,71.54,69.96
05/02/2019,70.75,"49,460",72.15,72.22,69.68
05/01/2019,72.18,"31,167",71.52,72.36,71.29
04/30/2019,72.8,941,72.1,73.2,71.73
04/29/2019,72.04,"13,425",71.7,72.5,71.11
04/26/2019,72.15,"30,199",74.3,74.41,71.29
04/25/2019,74.35,"54,260",74.53,75.59,74
04/24/2019,74.57,"41,370",74.32,74.72,74
04/23/2019,74.51,"47,084",74.2,74.73,73.99
04/22/2019,74.04,"44,646",72.05,74.51,71.9
04/18/2019,71.97,"35,040",71.55,72.03,71.21
04/17/2019,71.62,"38,175",71.84,72.26,71.46
04/16/2019,71.72,"39,912",71.27,71.94,70.75
04/15/2019,71.18,"27,790",71.62,71.65,70.78
04/12/2019,71.55,"29,483",70.92,71.86,70.9
04/11/2019,70.83,"38,046",71.66,71.68,70.58
04/10/2019,71.73,"42,970",70.83,71.79,70.58
04/09/2019,70.61,"35,933",71.08,71.34,70.3
04/08/2019,71.1,"38,349",70.5,71.19,70.44
04/05/2019,70.34,"34,793",69.26,70.47,68.93
04/04/2019,69.4,"36,605",69.49,70.01,68.88
04/03/2019,69.31,"44,784",69.79,69.96,68.8
04/02/2019,69.37,"43,771",69.21,69.52,68.69
04/01/2019,69.01,"41,006",67.54,69.19,67.54
03/29/2019,67.58,"1,132",68,68.88,67.82
03/28/2019,67.82,"7,537",67.87,68,66.55
03/27/2019,67.83,"25,680",67.87,68.35,67.2
03/26/2019,67.97,"32,787",67.25,68.22,67.25
03/25/2019,67.21,"34,630",66.93,67.64,66.37
03/22/2019,67.03,"43,653",67.71,67.97,66.21
03/21/2019,67.86,"32,863",68.32,68.7,67.61
03/20/2019,68.5,"34,393",67.52,68.57,67.19
03/19/2019,67.61,"28,535",67.45,68.22,67.14
03/18/2019,67.54,"30,260",67.05,67.69,66.7
03/15/2019,67.16,"33,644",67.13,67.71,66.14
03/14/2019,67.23,"32,204",67.59,68.13,67.03
03/13/2019,67.55,"36,095",66.88,67.75,66.71
03/12/2019,66.67,"36,752",66.68,67.39,66.35
03/11/2019,66.58,"36,531",65.73,66.78,65.65
03/08/2019,65.74,"46,179",66.07,66.08,64.01
03/07/2019,66.3,"35,143",65.93,66.99,65.76
03/06/2019,65.99,"39,794",65.63,66.17,65.23
03/05/2019,65.86,"26,780",65.72,66.22,65.04
03/04/2019,65.67,"28,309",65.01,66.34,65.01
03/01/2019,65.07,"36,193",66.41,67.14,64.59
02/28/2019,66.03,"1,028",66.32,66.36,65.75
02/27/2019,66.39,"9,317",65.54,66.7,65.3
02/26/2019,65.21,"18,151",64.72,65.72,64.34
02/25/2019,64.76,"30,588",66.8,67.47,64.56
02/22/2019,67.12,"22,271",66.89,67.73,66.83
02/21/2019,67.07,"25,669",67.15,67.32,66.7
02/20/2019,67.08,"26,074",66.36,67.37,65.63
02/19/2019,66.45,"43,338",66.31,66.83,65.58
02/15/2019,66.25,"16,639",66.31,66.83,65.9
02/14/2019,64.57,"37,682",63.63,64.81,63.28
02/13/2019,63.61,"33,178",62.65,63.96,62.65
02/12/2019,62.42,"34,125",61.6,63.32,61.54
02/11/2019,61.51,"33,796",62,62.34,60.9
02/08/2019,62.1,"33,102",61.6,62.35,61.05
02/07/2019,61.63,"32,870",62.66,62.9,60.61
02/06/2019,62.69,"26,011",62.04,62.8,61.05
02/05/2019,61.98,"26,412",62.78,63.02,61.72
02/04/2019,62.51,"33,369",62.7,63.63,61.28
02/01/2019,62.75,"29,137",61.29,62.99,60.46
01/31/2019,61.89,995,61.69,62.32,61.64
01/30/2019,61.65,"9,559",61.25,62.64,61.07
01/29/2019,61.32,"17,205",59.98,61.79,59.76
01/28/2019,59.93,"27,077",61.33,61.67,59.48
01/25/2019,61.64,"27,337",61.14,61.91,60.71
01/24/2019,61.09,"32,643",61.02,61.5,60.41
01/23/2019,61.14,"32,840",61.57,62.3,60.22
01/22/2019,61.5,"47,671",62.85,63.12,60.58
01/18/2019,62.7,"15,945",62.74,63.12,62.23
01/17/2019,61.18,"29,454",61.18,61.54,60.04
01/16/2019,61.32,"30,757",60.64,61.43,60.04
01/15/2019,60.64,"26,506",59.26,60.85,59.11
01/14/2019,58.99,"28,028",60.54,61.02,58.91
01/11/2019,60.48,"30,718",61.25,62.47,60.08
01/10/2019,61.68,"27,689",61.33,61.9,60.45
01/09/2019,61.44,"34,525",58.65,61.68,58.62
01/08/2019,58.72,"30,740",57.63,58.86,57.11
01/07/2019,57.33,"38,690",57.37,58.92,57.28
01/04/2019,57.06,"39,656",55.58,58.3,55.36
01/03/2019,55.95,"34,764",54.77,56.29,53.93
01/02/2019,54.91,"39,714",54.25,56.56,52.5
12/31/2018,53.8,"19,737",53.06,54.79,52.66
12/28/2018,53.21,881,53.03,53.51,51.63
12/27/2018,52.16,"5,666",54.92,54.92,51.99
12/26/2018,54.47,"13,296",51.13,55.28,49.96
12/24/2018,50.47,"18,037",53.58,54.64,50.38
12/21/2018,53.82,"38,650",54.82,55.3,52.81
12/20/2018,54.35,"36,130",56.55,56.74,54.28
12/19/2018,57.24,"44,696",56.21,58.1,56.03
12/18/2018,56.26,"39,794",58.81,59.22,55.67
12/17/2018,59.61,"30,160",60.37,61.19,58.63
12/14/2018,60.28,"23,554",61.66,61.75,59.92
12/13/2018,61.45,"28,237",60.31,62.02,59.34
12/12/2018,60.15,"30,544",60.51,61.42,59.99
12/11/2018,60.2,"28,928",59.89,61.09,59.62
12/10/2018,59.97,"32,521",61.45,62.31,59.56
12/07/2018,61.67,"55,699",60.31,63.71,59.1
12/06/2018,60.06,"56,701",61.7,61.96,58.39
12/05/2018,61.56,"29,898",61.36,63.27,60.81
12/04/2018,62.08,"34,513",61.86,63.56,61.24
12/03/2018,61.69,"32,451",59.89,62.59,59.5
11/30/2018,59.46,983,59.23,59.89,58.25
11/29/2018,59.51,"7,024",58.77,60.37,57.52
11/28/2018,58.76,"17,827",60.83,61.26,58.56
11/27/2018,60.21,"44,435",60.41,61.4,58.95
11/26/2018,60.48,"31,893",59.15,61.09,58.6
11/23/2018,58.8,"55,017",62.62,63.79,58.43
11/21/2018,63.48,"17,644",63.51,63.79,62.28
11/20/2018,62.53,"42,577",66.91,66.96,61.76
11/19/2018,66.79,"28,889",67.01,67.62,65.27
11/16/2018,66.76,"36,537",66.75,68.38,66.1
11/15/2018,66.62,"34,079",65.92,67.4,65.75
11/14/2018,66.12,"46,712",65.28,67.62,65.01
11/13/2018,65.47,"55,899",69.14,69.67,64.64
11/12/2018,70.12,"38,134",70.54,71.86,68.89
11/09/2018,70.18,"31,777",70.95,70.98,69.16
11/08/2018,70.65,"38,650",72.14,73.06,70.51
11/07/2018,72.07,"35,950",71.75,73.53,71.35
11/06/2018,72.13,"30,880",72.72,73.27,71.18
11/05/2018,73.17,"26,770",72.75,74.12,72.23
11/02/2018,72.83,"35,271",72.66,73.48,72.17
11/01/2018,72.89,"32,895",74.79,74.98,72.56
10/31/2018,75.47,"2,351",76.18,76.89,75.48
10/30/2018,75.91,"15,017",76.84,77.32,75.11
10/29/2018,77.34,"13,962",77.69,78.01,76.55
10/26/2018,77.62,"29,228",76.62,77.91,75.77
10/25/2018,76.89,"29,299",75.7,77.05,75.37
10/24/2018,76.17,"54,042",76.19,77.56,75.13
10/23/2018,76.44,"58,252",80.02,80.12,75.88
10/22/2018,79.83,"33,913",80.08,80.39,78.97
10/19/2018,79.78,"33,693",79.34,80.89,79.22
10/18/2018,79.29,"38,791",80.33,80.33,78.69
10/17/2018,80.05,"37,842",81.6,81.84,79.17
10/16/2018,81.41,"31,860",80.7,81.74,79.8
10/15/2018,80.78,"30,049",80.97,81.91,79.85
10/12/2018,80.43,"35,903",80.28,81.47,79.22
10/11/2018,80.26,"46,703",82.59,82.61,79.8
10/10/2018,83.09,"29,435",84.88,85.16,82.28
10/09/2018,85,"34,643",83.77,85.44,83.72
10/08/2018,83.91,"27,120",84.11,84.31,82.66
10/05/2018,84.16,"26,475",84.71,85.11,83.92
10/04/2018,84.58,"32,799",86.13,86.42,84.15
10/03/2018,86.29,"30,294",84.71,86.72,84.01
10/02/2018,84.8,"24,041",85.06,85.37,84.32
10/01/2018,84.98,"33,133",82.92,85.44,82.56
09/28/2018,82.73,"1,384",81.54,82.85,81.54
09/27/2018,81.72,"11,368",81.81,82.42,81.34
09/26/2018,81.34,"15,919",81.51,82.19,81.12
09/25/2018,81.87,"26,038",81.45,82.54,81.17
09/24/2018,81.2,"21,031",79.1,81.48,79.1
09/21/2018,78.8,"36,137",78.7,80.12,78.24
09/20/2018,78.7,"20,785",79.33,79.82,78.52
09/19/2018,79.4,"17,793",78.86,79.5,78.52
09/18/2018,79.03,"21,763",77.89,79.72,77.5
09/17/2018,78.05,"21,096",78.07,78.89,77.73
09/14/2018,78.09,"23,606",78.36,78.93,77.38
09/13/2018,78.18,"27,721",79.77,79.77,77.87
09/12/2018,79.74,"29,020",79.47,80.11,78.75
09/11/2018,79.06,"29,327",77.36,79.52,77.36
09/10/2018,77.37,"22,447",76.85,77.91,76.85
09/07/2018,76.83,"16,967",76.58,77.08,75.89
09/06/2018,76.5,"31,254",77.14,77.75,75.64
09/05/2018,77.27,"27,358",77.89,78.06,76.92
09/04/2018,78.17,"35,057",77.77,79.71,77.32
08/31/2018,77.64,"8,635",77.77,78.44,77.32
08/30/2018,77.77,"7,312",77.31,78,77.21
08/29/2018,77.14,"7,961",75.91,77.42,75.7
08/28/2018,75.95,"14,595",76.29,76.96,75.73
08/27/2018,76.21,"9,118",75.61,76.35,75.4
08/24/2018,75.82,"17,488",74.74,76.4,74.7
08/23/2018,74.73,"12,250",74.89,74.89,74.21
08/22/2018,74.78,"18,750",72.75,74.99,72.68
08/21/2018,72.63,"14,976",72.13,72.95,72.06
08/20/2018,72.21,"17,866",71.78,72.74,71.45
08/17/2018,71.83,"14,255",71.35,72.48,71.27
08/16/2018,71.43,"17,968",70.77,71.51,70.4
08/15/2018,70.76,"24,370",72.17,72.44,70.3
08/14/2018,72.46,"19,843",72.88,73.93,72.1
08/13/2018,72.61,"17,348",72.99,73.09,71.04
08/10/2018,72.81,"15,262",72,73.14,71.41
08/09/2018,72.07,"15,235",72.13,72.88,71.85
08/08/2018,72.28,"22,780",74.53,74.86,71.66
08/07/2018,74.65,"17,336",73.66,74.9,73.6
08/06/2018,73.75,"19,787",73.29,74.46,73.14
08/03/2018,73.21,"14,438",73.44,73.73,72.48
08/02/2018,73.45,"18,277",72.6,73.74,71.84
08/01/2018,72.39,"22,831",74.21,74.24,72.14
07/31/2018,74.25,"1,463",74.89,75.1,74.18
07/30/2018,74.97,"6,659",74.35,75.27,74.15
07/27/2018,74.29,"12,237",74.47,74.85,73.83
07/26/2018,74.54,"24,439",74.35,74.82,73.78
07/25/2018,73.93,"23,736",73.66,74.3,73.08
07/24/2018,73.44,"20,939",73,74.01,72.68
07/23/2018,73.06,"25,980",72.92,74.49,72.53
07/20/2018,73.07,"22,476",72.59,73.47,72.29
07/19/2018,72.58,"29,860",72.98,73.8,71.83
07/18/2018,72.9,"24,966",71.64,73.27,71.2
07/17/2018,72.16,"27,419",71.9,72.78,71.36
07/16/2018,71.84,"26,281",75,75.37,71.53
07/13/2018,75.33,"26,750",74.33,75.92,73.23
07/12/2018,74.45,"45,198",73.78,75.13,72.68
07/11/2018,73.4,"46,157",78.83,78.89,73.04
07/10/2018,78.86,"18,840",78.25,79.5,78.21
07/09/2018,78.07,"13,890",77.24,78.31,77.07
07/06/2018,77.11,"24,985",77.58,77.7,76.37
07/05/2018,77.39,"27,277",78.11,78.49,77.31
07/03/2018,77.76,"7,160",77.95,78.27,77.6
07/02/2018,77.3,"23,611",78.9,78.93,77.18
06/29/2018,79.23,777,77.77,79.7,77.77
06/28/2018,77.85,"12,533",77.51,78.4,77.11
06/27/2018,77.62,"23,432",76.48,78.17,76.28
06/26/2018,76.31,"37,976",74.75,76.7,74.13
06/25/2018,74.73,"37,934",75.07,75.13,73.74
06/22/2018,75.55,"56,102",73.37,75.81,73.18
06/21/2018,73.05,"47,381",74.36,74.68,72.94
06/20/2018,74.74,"43,788",75.02,75.85,74.11
06/19/2018,75.08,"30,177",75.42,75.53,74.45
06/18/2018,75.34,"28,069",73.05,75.54,72.44
06/15/2018,73.44,"28,767",76,76.07,73.07
06/14/2018,75.94,"23,398",76.55,76.91,75.77
06/13/2018,76.74,"29,527",75.48,76.87,75.2
06/12/2018,75.88,"25,425",76.45,77.07,75.45
06/11/2018,76.46,"21,726",76.39,76.82,75.53
06/08/2018,76.46,"21,022",77.26,77.58,76.14
06/07/2018,77.32,"35,369",75.91,77.37,75.42
06/06/2018,75.36,"36,370",75.09,76.26,74.47
06/05/2018,75.38,"42,590",75.52,75.73,73.82
06/04/2018,75.29,"30,790",76.61,76.93,75.2
06/01/2018,76.79,"32,879",77.7,77.94,76.35
05/31/2018,77.56,"49,726",77.7,79.16,76.96
05/30/2018,77.5,"6,321",75.4,77.72,74.88
05/29/2018,75.39,"18,465",76.18,76.18,74.49
05/25/2018,76.44,"6,650",76.18,76.18,74.49
05/24/2018,78.79,"23,471",79.71,79.84,78.57
05/23/2018,79.8,"30,512",79.49,79.85,78.23
05/22/2018,79.57,"28,610",79.49,80.49,79.17
05/21/2018,79.22,"19,191",78.53,79.59,78.11
05/18/2018,78.51,"30,063",79.51,79.86,78.33
05/17/2018,79.3,"37,863",79.24,80.5,79.12
05/16/2018,79.28,"30,917",78.13,79.33,77.63
05/15/2018,78.43,"40,356",78.53,79.45,77.9
05/14/2018,78.23,"29,578",77.09,78.52,76.54
05/11/2018,77.12,"25,208",77.41,77.59,76.95
05/10/2018,77.47,"31,700",77.29,77.97,76.5
05/09/2018,77.21,"34,447",75.86,77.41,75.86
05/08/2018,74.85,"50,257",75.66,76.18,73.1
05/07/2018,76.17,"20,378",74.98,76.33,74.85
05/04/2018,74.87,"28,107",73.76,75.05,73.25
05/03/2018,73.62,"35,275",73.14,74.08,72.48
05/02/2018,73.36,"34,397",73.21,73.62,72.37
05/01/2018,73.13,"34,892",74.65,74.99,72.75
04/30/2018,75.17,"1,020",74.38,75.36,73.55
04/27/2018,74.64,"9,832",74.71,75.01,74.38
04/26/2018,74.74,"21,652",74.07,74.95,74.06
04/25/2018,74,"33,420",73.95,74.18,73.18
04/24/2018,73.86,"39,978",74.9,75.46,73.7
04/23/2018,74.71,"35,366",73.88,75.11,73.13
04/20/2018,74.06,"31,701",74,74.2,72.83
04/19/2018,73.78,"36,859",73.76,74.74,73.46
04/18/2018,73.48,"33,530",71.77,73.92,71.65
04/17/2018,71.58,"35,976",71.6,71.88,70.83
04/16/2018,71.42,"32,790",72.62,72.88,71.13
04/13/2018,72.58,"35,274",72.17,72.86,71.61
04/12/2018,72.02,"37,229",71.93,72.46,71.09
04/11/2018,72.06,"48,497",71.03,73.08,70.56
04/10/2018,71.04,"43,693",68.56,71.32,68.48
04/09/2018,68.65,"23,624",67.03,68.8,67.03
04/06/2018,67.11,"29,966",68.59,68.62,66.86
04/05/2018,68.33,"27,718",68.35,68.92,67.73
04/04/2018,68.02,"38,579",68.14,68.27,66.7
04/03/2018,68.12,"22,499",67.65,68.42,67.59
04/02/2018,67.64,"24,544",69.42,70.03,67.48
03/29/2018,69.34,"32,016",69.01,69.76,68.25
03/28/2018,69.53,"11,349",69.68,70.25,68.78
03/27/2018,70.11,"14,554",70.21,71.03,69.46
03/26/2018,70.12,"28,000",70.64,71.05,69.67
03/23/2018,70.45,"47,674",68.9,70.57,68.8
03/22/2018,68.91,"36,896",69.77,69.91,68.58
03/21/2018,69.47,"39,135",67.56,69.85,67.47
03/20/2018,67.42,"34,410",66.2,67.89,66.17
03/19/2018,66.05,"23,333",66.12,66.35,65.39
03/16/2018,66.21,"23,793",65.05,66.42,64.89
03/15/2018,65.12,"21,219",64.85,65.39,64.61
03/14/2018,64.89,"29,010",64.67,65.19,64.07
03/13/2018,64.64,"33,622",64.92,65.66,64.04
03/12/2018,64.95,"18,540",65.54,65.83,64.18
03/09/2018,65.49,"33,019",63.85,65.62,63.7
03/08/2018,63.61,"42,699",64.55,64.55,63.43
03/07/2018,64.34,"36,069",65.43,65.78,63.84
03/06/2018,65.79,"23,966",65.59,66.15,65.31
03/05/2018,65.54,"31,046",64.69,65.87,64.1
03/02/2018,64.37,"38,468",64.24,64.68,63.2
03/01/2018,63.83,"43,737",64.76,65.02,63.18
02/28/2018,65.78,958,66.33,66.88,65.54
02/27/2018,66.63,"7,828",67.56,67.63,66.37
02/26/2018,67.5,"18,184",67.3,67.9,66.74
02/23/2018,67.31,"20,124",66.25,67.37,65.8
02/22/2018,66.39,"25,048",65.01,66.55,64.64
02/21/2018,65.42,"23,688",65.11,65.53,64.4
02/20/2018,65.25,"30,604",64.86,65.83,64.78
02/16/2018,64.84,857,64.86,65.4,64.86
02/15/2018,64.33,"34,190",64.32,65.1,63.12
02/14/2018,64.36,"40,123",62.47,64.56,61.96
02/13/2018,62.72,"38,531",62.74,63.1,61.76
02/12/2018,62.59,"32,984",62.64,64.41,62.56
02/09/2018,62.79,"34,480",64.38,64.63,61.77
02/08/2018,64.81,"37,657",65.44,65.59,64.11
02/07/2018,65.51,"55,987",67.23,67.72,65.16
02/06/2018,66.86,"31,970",66.99,67.59,66.55
02/05/2018,67.62,"31,752",68.2,68.46,67
02/02/2018,68.58,"26,605",69.75,70.01,67.96
02/01/2018,69.65,"29,117",68.84,69.96,68.81
01/31/2018,69.05,"1,349",68.38,69.07,68.3
01/30/2018,69.02,"9,383",69.52,69.52,68.42
01/29/2018,69.46,"15,591",70.52,70.64,69.08
01/26/2018,70.52,"28,872",70.1,70.83,69.84
01/25/2018,70.42,"20,825",70.71,71.26,69.97
01/24/2018,70.53,"22,693",69.88,70.91,69.54
01/23/2018,69.96,"21,382",69.25,70.24,69.12
01/22/2018,69.03,"20,181",68.78,69.51,68.39
01/19/2018,68.61,"21,477",69.14,69.15,68.27
01/18/2018,69.31,"20,006",69.43,69.66,68.8
01/17/2018,69.38,"20,152",69.39,69.59,68.54
01/16/2018,69.15,"32,156",69.91,70.37,68.84
01/12/2018,69.87,327,69.91,69.91,69.67
01/11/2018,69.26,"32,017",69.08,70.03,69
01/10/2018,69.2,"21,242",69.17,69.36,68.75
01/09/2018,68.82,"24,789",67.93,69.2,67.69
01/08/2018,67.78,"17,067",67.82,67.98,67.45
01/05/2018,67.62,"17,439",68.06,68.09,67.27
01/04/2018,68.07,"22,369",68,68.26,67.53
01/03/2018,67.84,"25,591",66.49,68.01,66.4
01/02/2018,66.57,"23,056",66.42,67.28,66.23
12/29/2017,66.87,"12,054",66.12,66.96,66.12
12/28/2017,66.72,596,66.42,66.78,66.29
12/27/2017,66.44,"9,772",66.72,66.94,66.05
12/26/2017,67.02,"9,471",65.07,67.08,65.01
12/22/2017,65.25,"12,207",64.6,65.28,64.39
12/21/2017,64.9,"17,555",64.48,64.92,64.19
12/20/2017,64.56,"24,247",63.85,64.6,63.68
12/19/2017,63.8,"20,997",63.44,63.91,63.3
12/18/2017,63.41,"19,213",63.32,63.91,63
12/15/2017,63.23,"20,372",63.42,63.67,63.08
12/14/2017,63.31,"28,719",62.84,63.5,62.02
12/13/2017,62.44,"33,448",63.9,64.31,62.36